Dataset,Seed,Fold,View,Weight
BCW,0,1,View_1,0.32469302
BCW,0,1,View_2,0.27008164
BCW,0,1,View_3,0.4052254
BCW,0,2,View_1,0.3366748
BCW,0,2,View_2,0.27080974
BCW,0,2,View_3,0.39251545
BCW,0,3,View_1,0.33818117
BCW,0,3,View_2,0.26866975
BCW,0,3,View_3,0.39314905
BCW,0,4,View_1,0.32545334
BCW,0,4,View_2,0.27171597
BCW,0,4,View_3,0.40283063
BCW,0,5,View_1,0.3390843
BCW,0,5,View_2,0.26758915
BCW,0,5,View_3,0.3933265
BCW,1,1,View_1,0.32195577
BCW,1,1,View_2,0.27076963
BCW,1,1,View_3,0.40727454
BCW,1,2,View_1,0.32671678
BCW,1,2,View_2,0.27063513
BCW,1,2,View_3,0.40264803
BCW,1,3,View_1,0.33316508
BCW,1,3,View_2,0.2678523
BCW,1,3,View_3,0.3989826
BCW,1,4,View_1,0.33804256
BCW,1,4,View_2,0.27042258
BCW,1,4,View_3,0.39153484
BCW,1,5,View_1,0.33660808
BCW,1,5,View_2,0.2700366
BCW,1,5,View_3,0.3933553
BCW,2,1,View_1,0.3309134
BCW,2,1,View_2,0.2736241
BCW,2,1,View_3,0.39546248
BCW,2,2,View_1,0.33980066
BCW,2,2,View_2,0.26722333
BCW,2,2,View_3,0.39297602
BCW,2,3,View_1,0.33266473
BCW,2,3,View_2,0.26892683
BCW,2,3,View_3,0.39840844
BCW,2,4,View_1,0.3308433
BCW,2,4,View_2,0.26857695
BCW,2,4,View_3,0.4005798
BCW,2,5,View_1,0.32907456
BCW,2,5,View_2,0.271443
BCW,2,5,View_3,0.3994825
BCW,3,1,View_1,0.32139856
BCW,3,1,View_2,0.27532843
BCW,3,1,View_3,0.40327308
BCW,3,2,View_1,0.33345196
BCW,3,2,View_2,0.26570582
BCW,3,2,View_3,0.40084222
BCW,3,3,View_1,0.3188635
BCW,3,3,View_2,0.27239025
BCW,3,3,View_3,0.40874627
BCW,3,4,View_1,0.3388166
BCW,3,4,View_2,0.26229113
BCW,3,4,View_3,0.39889222
BCW,3,5,View_1,0.33041266
BCW,3,5,View_2,0.27038372
BCW,3,5,View_3,0.39920363
BCW,4,1,View_1,0.3246247
BCW,4,1,View_2,0.27097175
BCW,4,1,View_3,0.40440354
BCW,4,2,View_1,0.32558987
BCW,4,2,View_2,0.2770249
BCW,4,2,View_3,0.39738524
BCW,4,3,View_1,0.3195984
BCW,4,3,View_2,0.2711156
BCW,4,3,View_3,0.409286
BCW,4,4,View_1,0.32187554
BCW,4,4,View_2,0.27008608
BCW,4,4,View_3,0.40803847
BCW,4,5,View_1,0.34707466
BCW,4,5,View_2,0.2646522
BCW,4,5,View_3,0.38827312
CCA,0,1,View_1,0.07085312
CCA,0,1,View_2,0.9291468
CCA,0,2,View_1,0.071313575
CCA,0,2,View_2,0.92868644
CCA,0,3,View_1,0.070848495
CCA,0,3,View_2,0.9291515
CCA,0,4,View_1,0.07089629
CCA,0,4,View_2,0.92910373
CCA,0,5,View_1,0.07134341
CCA,0,5,View_2,0.9286566
CCA,1,1,View_1,0.072629385
CCA,1,1,View_2,0.9273706
CCA,1,2,View_1,0.07038103
CCA,1,2,View_2,0.92961895
CCA,1,3,View_1,0.07074422
CCA,1,3,View_2,0.9292557
CCA,1,4,View_1,0.071050145
CCA,1,4,View_2,0.9289499
CCA,1,5,View_1,0.07131911
CCA,1,5,View_2,0.92868084
CCA,2,1,View_1,0.07177094
CCA,2,1,View_2,0.92822903
CCA,2,2,View_1,0.07118007
CCA,2,2,View_2,0.9288199
CCA,2,3,View_1,0.07062106
CCA,2,3,View_2,0.929379
CCA,2,4,View_1,0.07151533
CCA,2,4,View_2,0.9284846
CCA,2,5,View_1,0.07064259
CCA,2,5,View_2,0.92935747
CCA,3,1,View_1,0.071529046
CCA,3,1,View_2,0.92847097
CCA,3,2,View_1,0.07002117
CCA,3,2,View_2,0.92997885
CCA,3,3,View_1,0.07080155
CCA,3,3,View_2,0.9291984
CCA,3,4,View_1,0.07109391
CCA,3,4,View_2,0.9289061
CCA,3,5,View_1,0.07048771
CCA,3,5,View_2,0.9295123
CCA,4,1,View_1,0.071265236
CCA,4,1,View_2,0.9287347
CCA,4,2,View_1,0.07016653
CCA,4,2,View_2,0.9298335
CCA,4,3,View_1,0.07202035
CCA,4,3,View_2,0.9279796
CCA,4,4,View_1,0.07064957
CCA,4,4,View_2,0.92935044
CCA,4,5,View_1,0.07029716
CCA,4,5,View_2,0.9297028
AD,0,1,View_1,0.09364937
AD,0,1,View_2,0.091987476
AD,0,1,View_3,0.093232974
AD,0,1,View_4,0.63026935
AD,0,1,View_5,0.090860754
AD,0,2,View_1,0.09517622
AD,0,2,View_2,0.091258734
AD,0,2,View_3,0.09413253
AD,0,2,View_4,0.6297978
AD,0,2,View_5,0.08963471
AD,0,3,View_1,0.09317987
AD,0,3,View_2,0.08922329
AD,0,3,View_3,0.090746
AD,0,3,View_4,0.6383941
AD,0,3,View_5,0.08845675
AD,0,4,View_1,0.09703918
AD,0,4,View_2,0.09070203
AD,0,4,View_3,0.09463991
AD,0,4,View_4,0.62741196
AD,0,4,View_5,0.09020696
AD,0,5,View_1,0.09364727
AD,0,5,View_2,0.09016967
AD,0,5,View_3,0.09361882
AD,0,5,View_4,0.6323941
AD,0,5,View_5,0.09017014
AD,1,1,View_1,0.09229563
AD,1,1,View_2,0.089379616
AD,1,1,View_3,0.09099391
AD,1,1,View_4,0.6394349
AD,1,1,View_5,0.08789596
AD,1,2,View_1,0.09423594
AD,1,2,View_2,0.090822056
AD,1,2,View_3,0.09332454
AD,1,2,View_4,0.6313376
AD,1,2,View_5,0.09027994
AD,1,3,View_1,0.09263195
AD,1,3,View_2,0.08932837
AD,1,3,View_3,0.09193214
AD,1,3,View_4,0.6352417
AD,1,3,View_5,0.09086586
AD,1,4,View_1,0.09498594
AD,1,4,View_2,0.09212198
AD,1,4,View_3,0.09545911
AD,1,4,View_4,0.62593615
AD,1,4,View_5,0.09149683
AD,1,5,View_1,0.09552595
AD,1,5,View_2,0.09052589
AD,1,5,View_3,0.092262276
AD,1,5,View_4,0.6320282
AD,1,5,View_5,0.08965762
AD,2,1,View_1,0.09465572
AD,2,1,View_2,0.089315005
AD,2,1,View_3,0.091938265
AD,2,1,View_4,0.6357315
AD,2,1,View_5,0.08835942
AD,2,2,View_1,0.09251144
AD,2,2,View_2,0.08797188
AD,2,2,View_3,0.09045946
AD,2,2,View_4,0.64140177
AD,2,2,View_5,0.08765539
AD,2,3,View_1,0.09565046
AD,2,3,View_2,0.09148004
AD,2,3,View_3,0.09454811
AD,2,3,View_4,0.6274004
AD,2,3,View_5,0.09092103
AD,2,4,View_1,0.09315314
AD,2,4,View_2,0.09003296
AD,2,4,View_3,0.09286947
AD,2,4,View_4,0.6345771
AD,2,4,View_5,0.089367405
AD,2,5,View_1,0.094948106
AD,2,5,View_2,0.09016918
AD,2,5,View_3,0.092934124
AD,2,5,View_4,0.6323114
AD,2,5,View_5,0.08963718
AD,3,1,View_1,0.093287826
AD,3,1,View_2,0.08950184
AD,3,1,View_3,0.09127699
AD,3,1,View_4,0.63742965
AD,3,1,View_5,0.08850366
AD,3,2,View_1,0.09548169
AD,3,2,View_2,0.09218862
AD,3,2,View_3,0.09408271
AD,3,2,View_4,0.62651294
AD,3,2,View_5,0.091734014
AD,3,3,View_1,0.09374415
AD,3,3,View_2,0.08970536
AD,3,3,View_3,0.091598764
AD,3,3,View_4,0.6364887
AD,3,3,View_5,0.088463105
AD,3,4,View_1,0.09451835
AD,3,4,View_2,0.090664044
AD,3,4,View_3,0.09462173
AD,3,4,View_4,0.63053876
AD,3,4,View_5,0.08965711
AD,3,5,View_1,0.092507355
AD,3,5,View_2,0.089521244
AD,3,5,View_3,0.09191159
AD,3,5,View_4,0.6381777
AD,3,5,View_5,0.087882034
AD,4,1,View_1,0.09612653
AD,4,1,View_2,0.09201409
AD,4,1,View_3,0.09460094
AD,4,1,View_4,0.6260261
AD,4,1,View_5,0.0912324
AD,4,2,View_1,0.09392022
AD,4,2,View_2,0.091151714
AD,4,2,View_3,0.09296993
AD,4,2,View_4,0.6330273
AD,4,2,View_5,0.088930875
AD,4,3,View_1,0.09582204
AD,4,3,View_2,0.0906743
AD,4,3,View_3,0.092122465
AD,4,3,View_4,0.6313256
AD,4,3,View_5,0.09005551
AD,4,4,View_1,0.093910165
AD,4,4,View_2,0.09077819
AD,4,4,View_3,0.09306334
AD,4,4,View_4,0.63314795
AD,4,4,View_5,0.08910025
AD,4,5,View_1,0.09200899
AD,4,5,View_2,0.08820194
AD,4,5,View_3,0.091119334
AD,4,5,View_4,0.64038324
AD,4,5,View_5,0.08828645
HCDR,0,1,View_1,0.4261524
HCDR,0,1,View_2,0.35717225
HCDR,0,1,View_3,0.2166754
HCDR,0,2,View_1,0.40980583
HCDR,0,2,View_2,0.37112206
HCDR,0,2,View_3,0.21907216
HCDR,0,3,View_1,0.41969708
HCDR,0,3,View_2,0.35979134
HCDR,0,3,View_3,0.22051157
HCDR,0,4,View_1,0.41540167
HCDR,0,4,View_2,0.36204755
HCDR,0,4,View_3,0.22255084
HCDR,0,5,View_1,0.4105314
HCDR,0,5,View_2,0.3692188
HCDR,0,5,View_3,0.22024985
HCDR,1,1,View_1,0.4123102
HCDR,1,1,View_2,0.36968377
HCDR,1,1,View_3,0.21800603
HCDR,1,2,View_1,0.42203578
HCDR,1,2,View_2,0.35744497
HCDR,1,2,View_3,0.2205193
HCDR,1,3,View_1,0.4155721
HCDR,1,3,View_2,0.36162588
HCDR,1,3,View_3,0.22280201
HCDR,1,4,View_1,0.41601068
HCDR,1,4,View_2,0.36655512
HCDR,1,4,View_3,0.21743426
HCDR,1,5,View_1,0.42010045
HCDR,1,5,View_2,0.36028278
HCDR,1,5,View_3,0.21961668
HCDR,2,1,View_1,0.41899398
HCDR,2,1,View_2,0.3591336
HCDR,2,1,View_3,0.22187237
HCDR,2,2,View_1,0.41775748
HCDR,2,2,View_2,0.36039156
HCDR,2,2,View_3,0.22185092
HCDR,2,3,View_1,0.41478884
HCDR,2,3,View_2,0.36705518
HCDR,2,3,View_3,0.21815595
HCDR,2,4,View_1,0.4075444
HCDR,2,4,View_2,0.37164217
HCDR,2,4,View_3,0.22081342
HCDR,2,5,View_1,0.41956818
HCDR,2,5,View_2,0.36061054
HCDR,2,5,View_3,0.21982133
HCDR,3,1,View_1,0.4216401
HCDR,3,1,View_2,0.35936996
HCDR,3,1,View_3,0.21898997
HCDR,3,2,View_1,0.41814053
HCDR,3,2,View_2,0.3627261
HCDR,3,2,View_3,0.21913342
HCDR,3,3,View_1,0.42300403
HCDR,3,3,View_2,0.35547614
HCDR,3,3,View_3,0.2215199
HCDR,3,4,View_1,0.4102138
HCDR,3,4,View_2,0.37368888
HCDR,3,4,View_3,0.21609733
HCDR,3,5,View_1,0.40333593
HCDR,3,5,View_2,0.37470052
HCDR,3,5,View_3,0.22196364
HCDR,4,1,View_1,0.41569167
HCDR,4,1,View_2,0.3620915
HCDR,4,1,View_3,0.22221686
HCDR,4,2,View_1,0.40685934
HCDR,4,2,View_2,0.37425002
HCDR,4,2,View_3,0.21889064
HCDR,4,3,View_1,0.41726786
HCDR,4,3,View_2,0.36025462
HCDR,4,3,View_3,0.22247751
HCDR,4,4,View_1,0.4089482
HCDR,4,4,View_2,0.37301153
HCDR,4,4,View_3,0.21804026
HCDR,4,5,View_1,0.422578
HCDR,4,5,View_2,0.3591884
HCDR,4,5,View_3,0.21823359
