Dataset,Model,Seed,Fold,Accuracy,Precision,F1,Recall
CCA,MEPL_ER,0,1,0.9584106943928704,0.8247658805127268,0.7351253382974904,0.7192958280241127
CCA,MEPL_ER,0,2,0.9498700334199777,0.783638932236251,0.751907546983369,0.7414351099392277
CCA,MEPL_ER,0,3,0.9606240713224369,0.8132501358442674,0.7827810254110115,0.7644499769218577
CCA,MEPL_ER,0,4,0.9565378900445766,0.8275578311148127,0.7675448162971942,0.7475319781902029
CCA,MEPL_ER,0,5,0.9576523031203567,0.8347830601021425,0.7738132089162053,0.7495953222029498
CCA,MEPL_ER,1,1,0.9576680282213145,0.8743463129189072,0.759886896179374,0.7354762228789088
CCA,MEPL_ER,1,2,0.9539546973635351,0.8528810753633541,0.6816224546497698,0.678417491692921
CCA,MEPL_ER,1,3,0.9561664190193165,0.8069808890486461,0.7616821872438857,0.7451258492902042
CCA,MEPL_ER,1,4,0.962481426448737,0.8533341811376349,0.7769654047222416,0.7488658141092072
CCA,MEPL_ER,1,5,0.9465081723625557,0.7898871928694696,0.7320154764827049,0.7191856276913691
CCA,MEPL_ER,2,1,0.9572966951355366,0.7978227962243308,0.7305199996310839,0.7160267931878416
CCA,MEPL_ER,2,2,0.9550686966208689,0.8051639802083056,0.7613786203147136,0.7469569677329129
CCA,MEPL_ER,2,3,0.9494799405646359,0.7580926017313346,0.7759693751669722,0.8001566377063442
CCA,MEPL_ER,2,4,0.9550520059435365,0.8116711176266896,0.7672442468441646,0.7495974663136461
CCA,MEPL_ER,2,5,0.9606240713224369,0.8651133635377942,0.7883320939134314,0.7596907076994842
CCA,MEPL_ER,3,1,0.9491273672484218,0.731881548179997,0.7128069417936249,0.7109595912282685
CCA,MEPL_ER,3,2,0.9558113627924248,0.8214777598889446,0.7784220587806089,0.7581368082903205
CCA,MEPL_ER,3,3,0.9587667161961367,0.8069681839475799,0.7380572455280973,0.7192853745103881
CCA,MEPL_ER,3,4,0.9587667161961367,0.8167874992128529,0.7559581293840668,0.7340839894183523
CCA,MEPL_ER,3,5,0.9535661218424963,0.7869895757826791,0.7249566494410465,0.7099934947421006
CCA,MEPL_ER,4,1,0.9576680282213145,0.84459126272559,0.7421596422140028,0.717184062344006
CCA,MEPL_ER,4,2,0.9528406981062013,0.7648795503733297,0.7296336996336996,0.7167503660197001
CCA,MEPL_ER,4,3,0.9554234769687965,0.7581171061477004,0.7526838598975614,0.7531297838948866
CCA,MEPL_ER,4,4,0.9554234769687965,0.8409146737694501,0.7791722611396207,0.7569364668496329
CCA,MEPL_ER,4,5,0.9550520059435365,0.8420144138729118,0.7684860488656539,0.7441456399425633
CCA,MEPL_DS,0,1,0.9569253620497586,0.810373071279292,0.7264653894868044,0.7098155196289725
CCA,MEPL_DS,0,2,0.9498700334199777,0.7998791663538944,0.7398865775665925,0.7215778757409309
CCA,MEPL_DS,0,3,0.9561664190193165,0.8050696936100454,0.7599253613560327,0.736116339840271
CCA,MEPL_DS,0,4,0.9557949479940565,0.8299683291018077,0.767848301672863,0.7449720977526888
CCA,MEPL_DS,0,5,0.9554234769687965,0.8337258662155577,0.7399115809769969,0.7151355320247914
CCA,MEPL_DS,1,1,0.9572966951355366,0.9038759886616549,0.7492173652505757,0.7175918668512357
CCA,MEPL_DS,1,2,0.9569253620497586,0.8256334009842498,0.7515182775729098,0.7284300472669382
CCA,MEPL_DS,1,3,0.9583952451708767,0.8386034414274716,0.7702067338355615,0.7454852641746755
CCA,MEPL_DS,1,4,0.9602526002971769,0.8833454468866343,0.7367967178528584,0.7094715430478525
CCA,MEPL_DS,1,5,0.9457652303120356,0.785855205924039,0.7238583383193197,0.7072057516608593
CCA,MEPL_DS,2,1,0.9572966951355366,0.8543579293579294,0.7232656781031516,0.7022270810108989
CCA,MEPL_DS,2,2,0.9572966951355366,0.8533148240261211,0.756730508861276,0.7313915790281785
CCA,MEPL_DS,2,3,0.9479940564635958,0.7695758965121992,0.7708077538415745,0.7720618016732382
CCA,MEPL_DS,2,4,0.9528231797919762,0.7710283812036214,0.7433170844496936,0.7344394365212105
CCA,MEPL_DS,2,5,0.9546805349182764,0.8346159603901109,0.738999368988661,0.7120204615800332
CCA,MEPL_DS,3,1,0.9520980319346454,0.8302834290383753,0.7240204124269406,0.7010780771043326
CCA,MEPL_DS,3,2,0.9509840326773116,0.8059694345172436,0.7463042836885599,0.720796423793146
CCA,MEPL_DS,3,3,0.9569093610698366,0.8438020954526045,0.7641939502999963,0.7354326316636595
CCA,MEPL_DS,3,4,0.9554234769687965,0.8489512398811291,0.7584894322777277,0.7276323765151266
CCA,MEPL_DS,3,5,0.9535661218424963,0.797365651549752,0.7209079341755708,0.7044975997168242
CCA,MEPL_DS,4,1,0.9565540289639807,0.8485968676522293,0.7150399496932063,0.6947389438250241
CCA,MEPL_DS,4,2,0.9535833642777571,0.7996505085334723,0.7432590796800181,0.7236769471608296
CCA,MEPL_DS,4,3,0.9565378900445766,0.8680151185053147,0.7627822862121486,0.7325983858526394
CCA,MEPL_DS,4,4,0.9550520059435365,0.8630925730321922,0.7564811939514208,0.729302885429073
CCA,MEPL_DS,4,5,0.9554234769687965,0.8367417511061629,0.7774160662873807,0.7524838270149014
CCA,EPL,0,1,0.9569253620497586,0.78277035656346,0.7267436627659158,0.7130652614266012
CCA,EPL,0,2,0.9491273672484218,0.8193062365476158,0.74843258603982,0.7267663386425092
CCA,EPL,0,3,0.9528231797919762,0.8844477116646167,0.7140339474848033,0.6914629199599814
CCA,EPL,0,4,0.9498514115898959,0.7900031197436673,0.6967551733320801,0.6836107530020078
CCA,EPL,0,5,0.9587667161961367,0.8190420885409041,0.7667227545820975,0.745683864831042
CCA,EPL,1,1,0.9550686966208689,0.7892610446130989,0.7590733725398674,0.7429064809488569
CCA,EPL,1,2,0.9528406981062013,0.7535543740956854,0.7575992957114447,0.7622831674959653
CCA,EPL,1,3,0.9550520059435365,0.7943153321549014,0.7576329398612408,0.7441015003370373
CCA,EPL,1,4,0.9572808320950966,0.7822334345020767,0.7104868244172818,0.6938710327507868
CCA,EPL,1,5,0.9453937592867756,0.8159917995314107,0.7335338932767583,0.7108633689170505
CCA,EPL,2,1,0.9550686966208689,0.8051534393109635,0.7534179001832721,0.7307914369061491
CCA,EPL,2,2,0.9532120311919792,0.8364648415971967,0.6881368442395157,0.680236618326029
CCA,EPL,2,3,0.9472511144130757,0.7390749923755702,0.7002891413968992,0.690147858148893
CCA,EPL,2,4,0.9483655274888558,0.7452235707493982,0.7464356467213932,0.7493754554822748
CCA,EPL,2,5,0.9576523031203567,0.8295507851321804,0.7580123482825205,0.7353535775007706
CCA,EPL,3,1,0.9498700334199777,0.7388281895183791,0.6923877077651076,0.6875985622626285
CCA,EPL,3,2,0.9543260304493131,0.7964064625388696,0.7530616288958023,0.7366610503233133
CCA,EPL,3,3,0.9557949479940565,0.8515343760630069,0.7467094387816573,0.7151049130775616
CCA,EPL,3,4,0.9591381872213968,0.8634283165011607,0.7525002621180713,0.7243719976838916
CCA,EPL,3,5,0.9487369985141159,0.7417159308091331,0.7311044212357575,0.7264895160188605
CCA,EPL,4,1,0.9546973635350909,0.769903350055392,0.756842864262698,0.7493718074774405
CCA,EPL,4,2,0.9520980319346454,0.7749218534001051,0.7257840442970491,0.7087006727890803
CCA,EPL,4,3,0.9528231797919762,0.8122022283137325,0.7083162907005,0.6937152973224648
CCA,EPL,4,4,0.9539375928677564,0.8211168486572875,0.7474169279513885,0.7248999704321811
CCA,EPL,4,5,0.9543090638930164,0.8123491421821356,0.7657951631180295,0.7454034943362564
CCA,PL,0,1,0.9509840326773116,0.7006840833829074,0.679891669799712,0.6786329585853507
CCA,PL,0,2,0.9405867062755291,0.715964847026796,0.7084758587400363,0.7105534531922025
CCA,PL,0,3,0.9569093610698366,0.8474270735326334,0.753573846248266,0.7221883223479583
CCA,PL,0,4,0.9483655274888558,0.8459759106971948,0.7134541415768011,0.6906091127614392
CCA,PL,0,5,0.9546805349182764,0.8796101072572603,0.7076109756547778,0.6895943522943636
CCA,PL,1,1,0.9569253620497586,0.8172527064454918,0.7985801453359546,0.7888856730096362
CCA,PL,1,2,0.9491273672484218,0.8367903052615432,0.7317372784011101,0.7035397681757424
CCA,PL,1,3,0.9528231797919762,0.7730524877611308,0.7454795525398863,0.7354306477728527
CCA,PL,1,4,0.9580237741456167,0.7970203939687508,0.759760259425969,0.7419529465934352
CCA,PL,1,5,0.9420505200594353,0.7708254056339516,0.7239400275058031,0.7139708472647195
CCA,PL,2,1,0.9550686966208689,0.821107723816383,0.7357393453248072,0.7121769092681833
CCA,PL,2,2,0.9513553657630895,0.8526881055452483,0.7026531509412388,0.686528900278455
CCA,PL,2,3,0.9479940564635958,0.759427037319396,0.7604429717933728,0.7623310358308611
CCA,PL,2,4,0.9535661218424963,0.8165990272077823,0.7663273538771455,0.7456038941198596
CCA,PL,2,5,0.9557949479940565,0.8781264323400597,0.7566641651043237,0.7229122340037173
CCA,PL,3,1,0.9468993687337541,0.7418289672038569,0.7069272287591516,0.7017333358028423
CCA,PL,3,2,0.9513553657630895,0.7812618998916512,0.76420149909888,0.7574149019296259
CCA,PL,3,3,0.9543090638930164,0.7337746542717442,0.6883587363665442,0.6839014658599293
CCA,PL,3,4,0.9569093610698366,0.9017378674900568,0.7545259854557461,0.7251387714806619
CCA,PL,3,5,0.950594353640416,0.8434787604680878,0.7163498474297461,0.7011400353412399
CCA,PL,4,1,0.9587820274786484,0.8647118432262166,0.7696692603879228,0.7379445127287528
CCA,PL,4,2,0.9491273672484218,0.814414511285045,0.6826569879615815,0.6706835667869301
CCA,PL,4,3,0.9557949479940565,0.8288692742698994,0.7262540326019189,0.7081896189382889
CCA,PL,4,4,0.9546805349182764,0.8907536243906268,0.7313310109063799,0.7088545530069844
CCA,PL,4,5,0.9535661218424963,0.8234940705254065,0.7980055037993798,0.7841285996289081
CCA,NN-UTA,0,1,0.8358707760861492,0.7712707182320443,0.603795591911004,0.6511859995664043
CCA,NN-UTA,0,2,0.8600074266617156,0.8086720660202816,0.5919171222144551,0.5261307935149622
CCA,NN-UTA,0,3,0.8187221396731055,0.551840704892297,0.43524819167625145,0.6394340497532914
CCA,NN-UTA,0,4,0.7410846953937593,0.47197114386194267,0.47488168044294393,0.6489457749962956
CCA,NN-UTA,0,5,0.9468796433878157,0.5969244997793489,0.6128388848112031,0.630724688773533
CCA,NN-UTA,1,1,0.7304121797252136,0.4126839100957327,0.4071961165347709,0.6222352348641694
CCA,NN-UTA,1,2,0.8028221314519124,0.44881511772334554,0.3983294741837608,0.6496117770881644
CCA,NN-UTA,1,3,0.9479940564635958,0.9078956437827405,0.7157738877820184,0.6853875121583365
CCA,NN-UTA,1,4,0.9268202080237742,0.8955685342149101,0.6616382792168038,0.6167775123623298
CCA,NN-UTA,1,5,0.8339524517087668,0.7893692564745196,0.586053569072437,0.6399589111453519
CCA,NN-UTA,2,1,0.8143334571110286,0.35065145759590205,0.38730679543531643,0.589991556695228
CCA,NN-UTA,2,2,0.9502413665057556,0.5969758587140582,0.6181492265020497,0.6439041804581136
CCA,NN-UTA,2,3,0.813150074294205,0.7174272486772487,0.43570242187169256,0.4153298997451429
CCA,NN-UTA,2,4,0.8354383358098069,0.7958930540242557,0.5958949961547743,0.646097838097025
CCA,NN-UTA,2,5,0.9557949479940565,0.847267374842611,0.7651157469874558,0.7412033302686326
CCA,NN-UTA,3,1,0.7092461938358707,0.43658175520920617,0.430143081076197,0.6163155937589783
CCA,NN-UTA,3,2,0.8425547716301522,0.6602216449631072,0.5145284799452347,0.7111072696527504
CCA,NN-UTA,3,3,0.9565378900445766,0.8846407130971189,0.7251159812777744,0.7108844768054023
CCA,NN-UTA,3,4,0.9543090638930164,0.8799190180400166,0.750879944573319,0.7285672654430208
CCA,NN-UTA,3,5,0.9520802377414561,0.8720963489532118,0.7049162603508402,0.6941324458065535
CCA,NN-UTA,4,1,0.9513553657630895,0.5966291236520992,0.6189326036905405,0.6466116592496397
CCA,NN-UTA,4,2,0.818418121054586,0.5965804774497898,0.41626929035480803,0.6171556182536438
CCA,NN-UTA,4,3,0.9543090638930164,0.7982349435726587,0.7765990654464757,0.7697195215527879
CCA,NN-UTA,4,4,0.9011887072808321,0.8077390600569408,0.6750371318725111,0.6913540637593364
CCA,NN-UTA,4,5,0.9531946508172363,0.8688483504553356,0.7549052477951209,0.7313807231697947
CCA,NN-CH,0,1,0.1741552172298552,0.25725665919840673,0.1786213694610641,0.3798889454668897
CCA,NN-CH,0,2,0.9446713702190865,0.73384496124031,0.7214494607611388,0.7153748674316597
CCA,NN-CH,0,3,0.9539375928677564,0.6018887398197743,0.622022839172441,0.6459740242563715
CCA,NN-CH,0,4,0.17644873699851413,0.3608445514450736,0.1937759210486483,0.3898305084745763
CCA,NN-CH,0,5,0.8317236255572066,0.6098256323518813,0.4757113722901245,0.6486384404693485
CCA,NN-CH,1,1,0.9324173783884144,0.5741890460694693,0.6023468259663686,0.6438243352390606
CCA,NN-CH,1,2,0.9487560341626439,0.6014712714415865,0.6140478214722199,0.6275656050551922
CCA,NN-CH,1,3,0.9394502228826151,0.717116525592672,0.731924433927278,0.759381029430852
CCA,NN-CH,1,4,0.924962852897474,0.6812849544945658,0.6724079540697008,0.6780186860097142
CCA,NN-CH,1,5,0.9394502228826151,0.5833903241942681,0.607622596804826,0.6394394259582382
CCA,NN-CH,2,1,0.80505012996658,0.2683500433221933,0.2973325104573819,0.3333333333333333
CCA,NN-CH,2,2,0.9494987003341998,0.5943429154730152,0.6177785279569429,0.6475275696962978
CCA,NN-CH,2,3,0.8956166419019317,0.6905841994715173,0.6603372390244451,0.6782140207952106
CCA,NN-CH,2,4,0.9413075780089153,0.5832703116908048,0.6099669142065226,0.6469405097276779
CCA,NN-CH,2,5,0.8919019316493314,0.7201959502336405,0.6394234880255207,0.597395477663586
CCA,NN-CH,3,1,0.8852580764946156,0.5813313362695742,0.597319328376149,0.6303189956865015
CCA,NN-CH,3,2,0.7712588191607872,0.360094496264709,0.37417584769595735,0.6381079700627516
CCA,NN-CH,3,3,0.17533432392273401,0.39106145251396646,0.16911976911976914,0.37288135593220334
CCA,NN-CH,3,4,0.8554977711738484,0.514832162373146,0.5409010568049871,0.6159286592865928
CCA,NN-CH,3,5,0.9528231797919762,0.8012747976212525,0.7730432563981786,0.7573454938028067
CCA,NN-CH,4,1,0.9405867062755291,0.842647725951137,0.7270414829332027,0.6847218751339327
CCA,NN-CH,4,2,0.9082807278128481,0.6829757446089709,0.6522189010284248,0.647042570665759
CCA,NN-CH,4,3,0.9494799405646359,0.5990588697289377,0.6161669470374157,0.6356825906968747
CCA,NN-CH,4,4,0.9416790490341753,0.585893832107133,0.6096326009696235,0.6403371291777434
CCA,NN-CH,4,5,0.924219910846954,0.732711350523961,0.7138919916065674,0.6983364143148706
