Dataset,Model,Seed,Fold,NoiseLevel,Accuracy,Precision,F1,Recall
AD,MEPL_ER,0,1,0.001,0.9488372093023256,0.9494706682206682,0.9433342917385471,0.9380679666792882
AD,MEPL_ER,0,1,0.01,0.9488372093023256,0.9494706682206682,0.9433342917385471,0.9380679666792882
AD,MEPL_ER,0,1,0.1,0.9488372093023256,0.9494706682206682,0.9433342917385471,0.9380679666792882
AD,MEPL_ER,0,1,1.0,0.9488372093023256,0.9494706682206682,0.9433342917385471,0.9380679666792882
AD,MEPL_ER,0,1,10.0,0.9465116279069767,0.9476499110645452,0.9406629668516575,0.9347784929950776
AD,MEPL_ER,0,1,100.0,0.9465116279069767,0.9476499110645452,0.9406629668516575,0.9347784929950776
AD,MEPL_ER,0,1,1000.0,0.9465116279069767,0.9476499110645452,0.9406629668516575,0.9347784929950776
AD,MEPL_ER,0,2,0.001,0.9209302325581395,0.9181478243978244,0.9124257235959363,0.9075397576675501
AD,MEPL_ER,0,2,0.01,0.9186046511627907,0.9162179284130503,0.9097045147742613,0.9042502839833396
AD,MEPL_ER,0,2,0.1,0.8674418604651163,0.8567943078291387,0.8538801352100585,0.8512637258614162
AD,MEPL_ER,0,2,1.0,0.5837209302325581,0.5452325334465916,0.545296115787919,0.5453663385081409
AD,MEPL_ER,0,2,10.0,0.5279069767441861,0.48899951263663577,0.4887518376000796,0.4887826580840591
AD,MEPL_ER,0,2,100.0,0.5209302325581395,0.4822916666666667,0.48191559049223276,0.4818960620976902
AD,MEPL_ER,0,2,1000.0,0.5186046511627908,0.4805814034034497,0.4801151795153349,0.4800975009466111
AD,MEPL_ER,0,3,0.001,0.9116279069767442,0.9064730850858576,0.9024337815567605,0.8988546005301022
AD,MEPL_ER,0,3,0.01,0.9116279069767442,0.9064730850858576,0.9024337815567605,0.8988546005301022
AD,MEPL_ER,0,3,0.1,0.9116279069767442,0.9064730850858576,0.9024337815567605,0.8988546005301022
AD,MEPL_ER,0,3,1.0,0.9116279069767442,0.9064730850858576,0.9024337815567605,0.8988546005301022
AD,MEPL_ER,0,3,10.0,0.913953488372093,0.9096793708408953,0.9048507574262459,0.9006531616811814
AD,MEPL_ER,0,3,100.0,0.9116279069767442,0.9064730850858576,0.9024337815567605,0.8988546005301022
AD,MEPL_ER,0,3,1000.0,0.9116279069767442,0.9064730850858576,0.9024337815567605,0.8988546005301022
AD,MEPL_ER,0,4,0.001,0.9372093023255814,0.9318640366493389,0.9312085607124446,0.9305660734570238
AD,MEPL_ER,0,4,0.01,0.9372093023255814,0.9318640366493389,0.9312085607124446,0.9305660734570238
AD,MEPL_ER,0,4,0.1,0.9372093023255814,0.9318640366493389,0.9312085607124446,0.9305660734570238
AD,MEPL_ER,0,4,1.0,0.9325581395348838,0.9279060880364948,0.9258880654229491,0.9239871260886028
AD,MEPL_ER,0,4,10.0,0.9348837209302325,0.9298809523809524,0.9285527783711932,0.9272765997728133
AD,MEPL_ER,0,4,100.0,0.9348837209302325,0.9298809523809524,0.9285527783711932,0.9272765997728133
AD,MEPL_ER,0,4,1000.0,0.9348837209302325,0.9298809523809524,0.9285527783711932,0.9272765997728133
AD,MEPL_ER,0,5,0.001,0.958041958041958,0.965262214253698,0.9531204468188441,0.9437583127493825
AD,MEPL_ER,0,5,0.01,0.958041958041958,0.965262214253698,0.9531204468188441,0.9437583127493825
AD,MEPL_ER,0,5,0.1,0.958041958041958,0.965262214253698,0.9531204468188441,0.9437583127493825
AD,MEPL_ER,0,5,1.0,0.958041958041958,0.965262214253698,0.9531204468188441,0.9437583127493825
AD,MEPL_ER,0,5,10.0,0.958041958041958,0.965262214253698,0.9531204468188441,0.9437583127493825
AD,MEPL_ER,0,5,100.0,0.958041958041958,0.965262214253698,0.9531204468188441,0.9437583127493825
AD,MEPL_ER,0,5,1000.0,0.958041958041958,0.965262214253698,0.9531204468188441,0.9437583127493825
AD,MEPL_ER,1,1,0.001,0.9348837209302325,0.9323991896584989,0.9281091021997182,0.9242947747065506
AD,MEPL_ER,1,1,0.01,0.9348837209302325,0.9323991896584989,0.9281091021997182,0.9242947747065506
AD,MEPL_ER,1,1,0.1,0.9348837209302325,0.9323991896584989,0.9281091021997182,0.9242947747065506
AD,MEPL_ER,1,1,1.0,0.9325581395348838,0.9304900181488203,0.9254235666313819,0.92100530102234
AD,MEPL_ER,1,1,10.0,0.9325581395348838,0.9304900181488203,0.9254235666313819,0.92100530102234
AD,MEPL_ER,1,1,100.0,0.9325581395348838,0.9304900181488203,0.9254235666313819,0.92100530102234
AD,MEPL_ER,1,1,1000.0,0.9325581395348838,0.9304900181488203,0.9254235666313819,0.92100530102234
AD,MEPL_ER,1,2,0.001,0.9162790697674419,0.9190176070428171,0.9060314685314685,0.896488072699735
AD,MEPL_ER,1,2,0.01,0.9162790697674419,0.9190176070428171,0.9060314685314685,0.896488072699735
AD,MEPL_ER,1,2,0.1,0.9162790697674419,0.9190176070428171,0.9060314685314685,0.896488072699735
AD,MEPL_ER,1,2,1.0,0.9162790697674419,0.9190176070428171,0.9060314685314685,0.896488072699735
AD,MEPL_ER,1,2,10.0,0.9162790697674419,0.9190176070428171,0.9060314685314685,0.896488072699735
AD,MEPL_ER,1,2,100.0,0.9162790697674419,0.9190176070428171,0.9060314685314685,0.896488072699735
AD,MEPL_ER,1,2,1000.0,0.9162790697674419,0.9190176070428171,0.9060314685314685,0.896488072699735
AD,MEPL_ER,1,3,0.001,0.9325581395348838,0.9387947269303202,0.9241719417942122,0.9135507383566831
AD,MEPL_ER,1,3,0.01,0.9325581395348838,0.9387947269303202,0.9241719417942122,0.9135507383566831
AD,MEPL_ER,1,3,0.1,0.8651162790697674,0.861183945139169,0.8480787505177749,0.8390287769784173
AD,MEPL_ER,1,3,1.0,0.6069767441860465,0.5803585540427646,0.5810344131772085,0.5842247254827717
AD,MEPL_ER,1,3,10.0,0.5325581395348837,0.5026868974237395,0.5017036511752598,0.5028161681181371
AD,MEPL_ER,1,3,100.0,0.5302325581395348,0.5023796695402298,0.5010454723007284,0.5025085195001893
AD,MEPL_ER,1,3,1000.0,0.5302325581395348,0.5037804223335719,0.5022235466715569,0.5039994320333208
AD,MEPL_ER,1,4,0.001,0.9348837209302325,0.9252314814814815,0.9295807598727306,0.9347311624384702
AD,MEPL_ER,1,4,0.01,0.9348837209302325,0.9252314814814815,0.9295807598727306,0.9347311624384702
AD,MEPL_ER,1,4,0.1,0.9348837209302325,0.9252314814814815,0.9295807598727306,0.9347311624384702
AD,MEPL_ER,1,4,1.0,0.9348837209302325,0.9252314814814815,0.9295807598727306,0.9347311624384702
AD,MEPL_ER,1,4,10.0,0.9348837209302325,0.9252314814814815,0.9295807598727306,0.9347311624384702
AD,MEPL_ER,1,4,100.0,0.9348837209302325,0.9252314814814815,0.9295807598727306,0.9347311624384702
AD,MEPL_ER,1,4,1000.0,0.9348837209302325,0.9252314814814815,0.9295807598727306,0.9347311624384702
AD,MEPL_ER,1,5,0.001,0.9393939393939394,0.934910394265233,0.9335723474200772,0.9322867186015581
AD,MEPL_ER,1,5,0.01,0.9393939393939394,0.934910394265233,0.9335723474200772,0.9322867186015581
AD,MEPL_ER,1,5,0.1,0.9393939393939394,0.934910394265233,0.9335723474200772,0.9322867186015581
AD,MEPL_ER,1,5,1.0,0.9393939393939394,0.934910394265233,0.9335723474200772,0.9322867186015581
AD,MEPL_ER,1,5,10.0,0.9393939393939394,0.934910394265233,0.9335723474200772,0.9322867186015581
AD,MEPL_ER,1,5,100.0,0.9393939393939394,0.934910394265233,0.9335723474200772,0.9322867186015581
AD,MEPL_ER,1,5,1000.0,0.9393939393939394,0.934910394265233,0.9335723474200772,0.9322867186015581
AD,MEPL_ER,2,1,0.001,0.9511627906976744,0.9449266862170088,0.9468107038304541,0.9488120030291556
AD,MEPL_ER,2,1,0.01,0.9511627906976744,0.9449266862170088,0.9468107038304541,0.9488120030291556
AD,MEPL_ER,2,1,0.1,0.9511627906976744,0.9449266862170088,0.9468107038304541,0.9488120030291556
AD,MEPL_ER,2,1,1.0,0.9511627906976744,0.9449266862170088,0.9468107038304541,0.9488120030291556
AD,MEPL_ER,2,1,10.0,0.9511627906976744,0.9449266862170088,0.9468107038304541,0.9488120030291556
AD,MEPL_ER,2,1,100.0,0.9511627906976744,0.9449266862170088,0.9468107038304541,0.9488120030291556
AD,MEPL_ER,2,1,1000.0,0.9511627906976744,0.9449266862170088,0.9468107038304541,0.9488120030291556
AD,MEPL_ER,2,2,0.001,0.9418604651162791,0.9394846277733708,0.9359123400044116,0.9326722832260508
AD,MEPL_ER,2,2,0.01,0.9418604651162791,0.9394846277733708,0.9359123400044116,0.9326722832260508
AD,MEPL_ER,2,2,0.1,0.9418604651162791,0.9394846277733708,0.9359123400044116,0.9326722832260508
AD,MEPL_ER,2,2,1.0,0.9418604651162791,0.9394846277733708,0.9359123400044116,0.9326722832260508
AD,MEPL_ER,2,2,10.0,0.9418604651162791,0.9394846277733708,0.9359123400044116,0.9326722832260508
AD,MEPL_ER,2,2,100.0,0.9418604651162791,0.9394846277733708,0.9359123400044116,0.9326722832260508
AD,MEPL_ER,2,2,1000.0,0.9418604651162791,0.9394846277733708,0.9359123400044116,0.9326722832260508
AD,MEPL_ER,2,3,0.001,0.9441860465116279,0.9413935211807553,0.9385714285714286,0.9359617569102613
AD,MEPL_ER,2,3,0.01,0.9441860465116279,0.9413935211807553,0.9385714285714286,0.9359617569102613
AD,MEPL_ER,2,3,0.1,0.9441860465116279,0.9413935211807553,0.9385714285714286,0.9359617569102613
AD,MEPL_ER,2,3,1.0,0.9441860465116279,0.9413935211807553,0.9385714285714286,0.9359617569102613
AD,MEPL_ER,2,3,10.0,0.9441860465116279,0.9413935211807553,0.9385714285714286,0.9359617569102613
AD,MEPL_ER,2,3,100.0,0.9441860465116279,0.9413935211807553,0.9385714285714286,0.9359617569102613
AD,MEPL_ER,2,3,1000.0,0.9441860465116279,0.9413935211807553,0.9385714285714286,0.9359617569102613
AD,MEPL_ER,2,4,0.001,0.9186046511627907,0.9148820326678766,0.9099939597275299,0.905741196516471
AD,MEPL_ER,2,4,0.01,0.9186046511627907,0.9148820326678766,0.9099939597275299,0.905741196516471
AD,MEPL_ER,2,4,0.1,0.9186046511627907,0.9148820326678766,0.9099939597275299,0.905741196516471
AD,MEPL_ER,2,4,1.0,0.9186046511627907,0.9148820326678766,0.9099939597275299,0.905741196516471
AD,MEPL_ER,2,4,10.0,0.9186046511627907,0.9148820326678766,0.9099939597275299,0.905741196516471
AD,MEPL_ER,2,4,100.0,0.9186046511627907,0.9148820326678766,0.9099939597275299,0.905741196516471
AD,MEPL_ER,2,4,1000.0,0.9186046511627907,0.9148820326678766,0.9099939597275299,0.905741196516471
AD,MEPL_ER,2,5,0.001,0.9277389277389277,0.9332577475434618,0.9188476723396206,0.9084172525175755
AD,MEPL_ER,2,5,0.01,0.9277389277389277,0.9332577475434618,0.9188476723396206,0.9084172525175755
AD,MEPL_ER,2,5,0.1,0.9277389277389277,0.9332577475434618,0.9188476723396206,0.9084172525175755
AD,MEPL_ER,2,5,1.0,0.9277389277389277,0.9332577475434618,0.9188476723396206,0.9084172525175755
AD,MEPL_ER,2,5,10.0,0.9277389277389277,0.9332577475434618,0.9188476723396206,0.9084172525175755
AD,MEPL_ER,2,5,100.0,0.9277389277389277,0.9332577475434618,0.9188476723396206,0.9084172525175755
AD,MEPL_ER,2,5,1000.0,0.9277389277389277,0.9332577475434618,0.9188476723396206,0.9084172525175755
AD,MEPL_ER,3,1,0.001,0.9116279069767442,0.9153892698668817,0.9004653882702662,0.8899091253313138
AD,MEPL_ER,3,1,0.01,0.9116279069767442,0.9153892698668817,0.9004653882702662,0.8899091253313138
AD,MEPL_ER,3,1,0.1,0.9116279069767442,0.9153892698668817,0.9004653882702662,0.8899091253313138
AD,MEPL_ER,3,1,1.0,0.9116279069767442,0.9153892698668817,0.9004653882702662,0.8899091253313138
AD,MEPL_ER,3,1,10.0,0.9116279069767442,0.9153892698668817,0.9004653882702662,0.8899091253313138
AD,MEPL_ER,3,1,100.0,0.9116279069767442,0.9153892698668817,0.9004653882702662,0.8899091253313138
AD,MEPL_ER,3,1,1000.0,0.9116279069767442,0.9153892698668817,0.9004653882702662,0.8899091253313138
AD,MEPL_ER,3,2,0.001,0.9302325581395349,0.9226896292113683,0.9239045798824945,0.9251703900037864
AD,MEPL_ER,3,2,0.01,0.9302325581395349,0.9226896292113683,0.9239045798824945,0.9251703900037864
AD,MEPL_ER,3,2,0.1,0.9302325581395349,0.9226896292113683,0.9239045798824945,0.9251703900037864
AD,MEPL_ER,3,2,1.0,0.9279069767441861,0.9197067448680352,0.9214824675592416,0.9233718288527073
AD,MEPL_ER,3,2,10.0,0.9302325581395349,0.9226896292113683,0.9239045798824945,0.9251703900037864
AD,MEPL_ER,3,2,100.0,0.9302325581395349,0.9226896292113683,0.9239045798824945,0.9251703900037864
AD,MEPL_ER,3,2,1000.0,0.9302325581395349,0.9226896292113683,0.9239045798824945,0.9251703900037864
AD,MEPL_ER,3,3,0.001,0.9116279069767442,0.9136404561824729,0.9008109945609946,0.8914000378644453
AD,MEPL_ER,3,3,0.01,0.913953488372093,0.9172002510985562,0.9032538567719259,0.8931985990155245
AD,MEPL_ER,3,3,0.1,0.913953488372093,0.9172002510985562,0.9032538567719259,0.8931985990155245
AD,MEPL_ER,3,3,1.0,0.9093023255813953,0.9118016321406153,0.8980243355163544,0.8881105641802347
AD,MEPL_ER,3,3,10.0,0.9116279069767442,0.9136404561824729,0.9008109945609946,0.8914000378644453
AD,MEPL_ER,3,3,100.0,0.9116279069767442,0.9136404561824729,0.9008109945609946,0.8914000378644453
AD,MEPL_ER,3,3,1000.0,0.9116279069767442,0.9136404561824729,0.9008109945609946,0.8914000378644453
AD,MEPL_ER,3,4,0.001,0.9627906976744186,0.9605952380952381,0.9591730162121105,0.9578048087845513
AD,MEPL_ER,3,4,0.01,0.9627906976744186,0.9605952380952381,0.9591730162121105,0.9578048087845513
AD,MEPL_ER,3,4,0.1,0.9627906976744186,0.9605952380952381,0.9591730162121105,0.9578048087845513
AD,MEPL_ER,3,4,1.0,0.9627906976744186,0.9605952380952381,0.9591730162121105,0.9578048087845513
AD,MEPL_ER,3,4,10.0,0.9627906976744186,0.9605952380952381,0.9591730162121105,0.9578048087845513
AD,MEPL_ER,3,4,100.0,0.9627906976744186,0.9605952380952381,0.9591730162121105,0.9578048087845513
AD,MEPL_ER,3,4,1000.0,0.9627906976744186,0.9605952380952381,0.9591730162121105,0.9578048087845513
AD,MEPL_ER,3,5,0.001,0.9254079254079254,0.9206742329518129,0.9179928315412185,0.9155187155614668
AD,MEPL_ER,3,5,0.01,0.9254079254079254,0.9206742329518129,0.9179928315412185,0.9155187155614668
AD,MEPL_ER,3,5,0.1,0.9254079254079254,0.9206742329518129,0.9179928315412185,0.9155187155614668
AD,MEPL_ER,3,5,1.0,0.9254079254079254,0.9206742329518129,0.9179928315412185,0.9155187155614668
AD,MEPL_ER,3,5,10.0,0.9254079254079254,0.9206742329518129,0.9179928315412185,0.9155187155614668
AD,MEPL_ER,3,5,100.0,0.9254079254079254,0.9206742329518129,0.9179928315412185,0.9155187155614668
AD,MEPL_ER,3,5,1000.0,0.9254079254079254,0.9206742329518129,0.9179928315412185,0.9155187155614668
AD,MEPL_ER,4,1,0.001,0.9488372093023256,0.9429230190099755,0.9441966919138292,0.9455225293449452
AD,MEPL_ER,4,1,0.01,0.9418604651162791,0.9348387096774193,0.936679409321969,0.9386359333585763
AD,MEPL_ER,4,1,0.1,0.9,0.8919606391363539,0.8901098901098902,0.8883708822415752
AD,MEPL_ER,4,1,1.0,0.6162790697674418,0.5827792165371783,0.5832819410427643,0.5839644074214313
AD,MEPL_ER,4,1,10.0,0.5534883720930233,0.5211984300839723,0.5209914363294577,0.521985043544112
AD,MEPL_ER,4,1,100.0,0.5465116279069767,0.5145260809180119,0.514135555310901,0.5150984475577433
AD,MEPL_ER,4,1,1000.0,0.541860465116279,0.5110181595592735,0.5104005918425144,0.511501325255585
AD,MEPL_ER,4,2,0.001,0.9372093023255814,0.9343164827768564,0.9307853272047646,0.927584248390761
AD,MEPL_ER,4,2,0.01,0.9372093023255814,0.9343164827768564,0.9307853272047646,0.927584248390761
AD,MEPL_ER,4,2,0.1,0.9372093023255814,0.9343164827768564,0.9307853272047646,0.927584248390761
AD,MEPL_ER,4,2,1.0,0.9372093023255814,0.9343164827768564,0.9307853272047646,0.927584248390761
AD,MEPL_ER,4,2,10.0,0.9372093023255814,0.9343164827768564,0.9307853272047646,0.927584248390761
AD,MEPL_ER,4,2,100.0,0.9372093023255814,0.9343164827768564,0.9307853272047646,0.927584248390761
AD,MEPL_ER,4,2,1000.0,0.9372093023255814,0.9343164827768564,0.9307853272047646,0.927584248390761
AD,MEPL_ER,4,3,0.001,0.9302325581395349,0.9285887723387724,0.9227285796434732,0.9177158273381295
AD,MEPL_ER,4,3,0.01,0.9302325581395349,0.9285887723387724,0.9227285796434732,0.9177158273381295
AD,MEPL_ER,4,3,0.1,0.9302325581395349,0.9285887723387724,0.9227285796434732,0.9177158273381295
AD,MEPL_ER,4,3,1.0,0.9302325581395349,0.9285887723387724,0.9227285796434732,0.9177158273381295
AD,MEPL_ER,4,3,10.0,0.9302325581395349,0.9285887723387724,0.9227285796434732,0.9177158273381295
AD,MEPL_ER,4,3,100.0,0.9302325581395349,0.9285887723387724,0.9227285796434732,0.9177158273381295
AD,MEPL_ER,4,3,1000.0,0.9302325581395349,0.9285887723387724,0.9227285796434732,0.9177158273381295
AD,MEPL_ER,4,4,0.001,0.9232558139534883,0.9261976532722154,0.9140099018900854,0.9048655812192351
AD,MEPL_ER,4,4,0.01,0.9232558139534883,0.9261976532722154,0.9140099018900854,0.9048655812192351
AD,MEPL_ER,4,4,0.1,0.9232558139534883,0.9261976532722154,0.9140099018900854,0.9048655812192351
AD,MEPL_ER,4,4,1.0,0.9209302325581395,0.9226722255310701,0.9115547489413187,0.903067020068156
AD,MEPL_ER,4,4,10.0,0.9209302325581395,0.9226722255310701,0.9115547489413187,0.903067020068156
AD,MEPL_ER,4,4,100.0,0.9209302325581395,0.9226722255310701,0.9115547489413187,0.903067020068156
AD,MEPL_ER,4,4,1000.0,0.9209302325581395,0.9226722255310701,0.9115547489413187,0.903067020068156
AD,MEPL_ER,4,5,0.001,0.9207459207459208,0.9260814571211737,0.9108391608391608,0.90003325099753
AD,MEPL_ER,4,5,0.01,0.9207459207459208,0.9260814571211737,0.9108391608391608,0.90003325099753
AD,MEPL_ER,4,5,0.1,0.9207459207459208,0.9260814571211737,0.9108391608391608,0.90003325099753
AD,MEPL_ER,4,5,1.0,0.9184149184149184,0.9224489795918367,0.9083764042544104,0.8982281968459054
AD,MEPL_ER,4,5,10.0,0.9184149184149184,0.9224489795918367,0.9083764042544104,0.8982281968459054
AD,MEPL_ER,4,5,100.0,0.9184149184149184,0.9224489795918367,0.9083764042544104,0.8982281968459054
AD,MEPL_ER,4,5,1000.0,0.9184149184149184,0.9224489795918367,0.9083764042544104,0.8982281968459054
AD,MEPL_DS,0,1,0.001,0.913953488372093,0.9275409836065573,0.9014805778650203,0.8857440363498674
AD,MEPL_DS,0,1,0.01,0.913953488372093,0.9275409836065573,0.9014805778650203,0.8857440363498674
AD,MEPL_DS,0,1,0.1,0.913953488372093,0.9275409836065573,0.9014805778650203,0.8857440363498674
AD,MEPL_DS,0,1,1.0,0.9093023255813953,0.9243002039140913,0.8957575757575758,0.8791650889814464
AD,MEPL_DS,0,1,10.0,0.913953488372093,0.9299939090596118,0.9011033411033411,0.8842531238167362
AD,MEPL_DS,0,1,100.0,0.913953488372093,0.9299939090596118,0.9011033411033411,0.8842531238167362
AD,MEPL_DS,0,1,1000.0,0.913953488372093,0.9299939090596118,0.9011033411033411,0.8842531238167362
AD,MEPL_DS,0,2,0.001,0.8790697674418605,0.8954535471117944,0.8590661557079466,0.8408746686861037
AD,MEPL_DS,0,2,0.01,0.8837209302325582,0.9013562486272788,0.864486688180718,0.8459627035213935
AD,MEPL_DS,0,2,0.1,0.8558139534883721,0.859750904832872,0.8339602899778282,0.8199072321090496
AD,MEPL_DS,0,2,1.0,0.6093023255813953,0.5619788488916005,0.5583920187793427,0.5576959485043544
AD,MEPL_DS,0,2,10.0,0.5441860465116279,0.4937157668231612,0.4935217903415784,0.49391802347595604
AD,MEPL_DS,0,2,100.0,0.5325581395348837,0.48306110102843314,0.4831081687209573,0.48343430518742897
AD,MEPL_DS,0,2,1000.0,0.5348837209302325,0.48647019100906813,0.486493587140844,0.48672377887163953
AD,MEPL_DS,0,3,0.001,0.9046511627906977,0.9047731745596772,0.8931638174998031,0.8845134418780765
AD,MEPL_DS,0,3,0.01,0.9069767441860465,0.9066656740123089,0.895946763460375,0.887802915562287
AD,MEPL_DS,0,3,0.1,0.9046511627906977,0.9032485351924646,0.8935251450969024,0.8860043544112078
AD,MEPL_DS,0,3,1.0,0.9,0.8979331998318871,0.8883312497357756,0.8809163195759182
AD,MEPL_DS,0,3,10.0,0.9093023255813953,0.9071020147733686,0.8990555645845748,0.892583301779629
AD,MEPL_DS,0,3,100.0,0.9093023255813953,0.9071020147733686,0.8990555645845748,0.892583301779629
AD,MEPL_DS,0,3,1000.0,0.9069767441860465,0.9037803208137716,0.8966371000697098,0.8907847406285498
AD,MEPL_DS,0,4,0.001,0.9116279069767442,0.9104679802955665,0.9014808026239629,0.8943818629307081
AD,MEPL_DS,0,4,0.01,0.9116279069767442,0.9104679802955665,0.9014808026239629,0.8943818629307081
AD,MEPL_DS,0,4,0.1,0.9116279069767442,0.9104679802955665,0.9014808026239629,0.8943818629307081
AD,MEPL_DS,0,4,1.0,0.913953488372093,0.9138792059136196,0.9039129358191558,0.8961804240817872
AD,MEPL_DS,0,4,10.0,0.9162790697674419,0.9157635467980295,0.9066660235384911,0.8994698977659977
AD,MEPL_DS,0,4,100.0,0.9162790697674419,0.9157635467980295,0.9066660235384911,0.8994698977659977
AD,MEPL_DS,0,4,1000.0,0.9162790697674419,0.9157635467980295,0.9066660235384911,0.8994698977659977
AD,MEPL_DS,0,5,0.001,0.9324009324009324,0.9474239974970016,0.9229854959422066,0.9075741022230667
AD,MEPL_DS,0,5,0.01,0.9324009324009324,0.9474239974970016,0.9229854959422066,0.9075741022230667
AD,MEPL_DS,0,5,0.1,0.9300699300699301,0.9458588716014458,0.9201810965021086,0.9042846285388562
AD,MEPL_DS,0,5,1.0,0.9324009324009324,0.9474239974970016,0.9229854959422066,0.9075741022230667
AD,MEPL_DS,0,5,10.0,0.9347319347319347,0.9489981312292359,0.9257785467128028,0.9108635759072772
AD,MEPL_DS,0,5,100.0,0.9347319347319347,0.9489981312292359,0.9257785467128028,0.9108635759072772
AD,MEPL_DS,0,5,1000.0,0.9347319347319347,0.9489981312292359,0.9257785467128028,0.9108635759072772
AD,MEPL_DS,1,1,0.001,0.9302325581395349,0.9300665101721439,0.9224778250522825,0.9162249148049981
AD,MEPL_DS,1,1,0.01,0.9302325581395349,0.9300665101721439,0.9224778250522825,0.9162249148049981
AD,MEPL_DS,1,1,0.1,0.9325581395348838,0.9319339197387978,0.9251837408129594,0.9195143884892086
AD,MEPL_DS,1,1,1.0,0.9093023255813953,0.9033076127977693,0.9000232504068821,0.8970560393790231
AD,MEPL_DS,1,1,10.0,0.9186046511627907,0.9162179284130503,0.9097045147742613,0.9042502839833396
AD,MEPL_DS,1,1,100.0,0.9186046511627907,0.9162179284130503,0.9097045147742613,0.9042502839833396
AD,MEPL_DS,1,1,1000.0,0.9186046511627907,0.9162179284130503,0.9097045147742613,0.9042502839833396
AD,MEPL_DS,1,2,0.001,0.9255813953488372,0.9248092723004695,0.9173096800557679,0.9111368799697084
AD,MEPL_DS,1,2,0.01,0.9255813953488372,0.9248092723004695,0.9173096800557679,0.9111368799697084
AD,MEPL_DS,1,2,0.1,0.9186046511627907,0.9176544209673857,0.9094088400117979,0.9027593714502082
AD,MEPL_DS,1,2,1.0,0.913953488372093,0.9172002510985562,0.9032538567719259,0.8931985990155245
AD,MEPL_DS,1,2,10.0,0.9046511627906977,0.9064030131826741,0.8927948142607829,0.8830225293449452
AD,MEPL_DS,1,2,100.0,0.9023255813953488,0.9028861544617848,0.8903700466200466,0.881223968193866
AD,MEPL_DS,1,2,1000.0,0.9,0.9010043942247332,0.8875652930052113,0.8779344945096554
AD,MEPL_DS,1,3,0.001,0.8906976744186047,0.9088637666912427,0.8728762918372867,0.8543402120408936
AD,MEPL_DS,1,3,0.01,0.8930232558139535,0.9104737070838766,0.8758317639673572,0.8576296857251041
AD,MEPL_DS,1,3,0.1,0.8372093023255814,0.8403954802259888,0.8110483364720653,0.7965732677016282
AD,MEPL_DS,1,3,1.0,0.6255813953488372,0.5852536258558492,0.5832806640542704,0.5822131768269595
AD,MEPL_DS,1,3,10.0,0.5627906976744186,0.5133004926108374,0.5125892340343431,0.5127792502839833
AD,MEPL_DS,1,3,100.0,0.5558139534883721,0.5076021539436173,0.5072446377681116,0.5073835668307459
AD,MEPL_DS,1,3,1000.0,0.5534883720930233,0.5057303807303807,0.5054629097182288,0.5055850056796668
AD,MEPL_DS,1,4,0.001,0.9302325581395349,0.9285887723387724,0.9227285796434732,0.9177158273381295
AD,MEPL_DS,1,4,0.01,0.9302325581395349,0.9285887723387724,0.9227285796434732,0.9177158273381295
AD,MEPL_DS,1,4,0.1,0.9302325581395349,0.9285887723387724,0.9227285796434732,0.9177158273381295
AD,MEPL_DS,1,4,1.0,0.9209302325581395,0.9195520344287951,0.9121415350592534,0.9060488451344189
AD,MEPL_DS,1,4,10.0,0.9232558139534883,0.9214565921882996,0.9148642567871605,0.9093383188186293
AD,MEPL_DS,1,4,100.0,0.9255813953488372,0.9233682983682984,0.9175771516197048,0.9126277925028399
AD,MEPL_DS,1,4,1000.0,0.9255813953488372,0.9233682983682984,0.9175771516197048,0.9126277925028399
AD,MEPL_DS,1,5,0.001,0.9137529137529138,0.9250534494446472,0.9017401155124706,0.8871959908797264
AD,MEPL_DS,1,5,0.01,0.9137529137529138,0.9250534494446472,0.9017401155124706,0.8871959908797264
AD,MEPL_DS,1,5,0.1,0.9230769230769231,0.933953488372093,0.9126849516149922,0.8988694660839824
AD,MEPL_DS,1,5,1.0,0.9254079254079254,0.93561872909699,0.91548463356974,0.9021589397681931
AD,MEPL_DS,1,5,10.0,0.9277389277389277,0.9352138792928266,0.9185634242674751,0.9069328329849895
AD,MEPL_DS,1,5,100.0,0.9300699300699301,0.9369339741968126,0.9213286713286712,0.9102223066692001
AD,MEPL_DS,1,5,1000.0,0.9300699300699301,0.9369339741968126,0.9213286713286712,0.9102223066692001
AD,MEPL_DS,2,1,0.001,0.9488372093023256,0.9479548524020838,0.9435142945854929,0.9395588792124195
AD,MEPL_DS,2,1,0.01,0.9488372093023256,0.9479548524020838,0.9435142945854929,0.9395588792124195
AD,MEPL_DS,2,1,0.1,0.9488372093023256,0.9479548524020838,0.9435142945854929,0.9395588792124195
AD,MEPL_DS,2,1,1.0,0.9488372093023256,0.9479548524020838,0.9435142945854929,0.9395588792124195
AD,MEPL_DS,2,1,10.0,0.9511627906976744,0.9498209177663999,0.9461663656037058,0.94284835289663
AD,MEPL_DS,2,1,100.0,0.9511627906976744,0.9498209177663999,0.9461663656037058,0.94284835289663
AD,MEPL_DS,2,1,1000.0,0.9511627906976744,0.9498209177663999,0.9461663656037058,0.94284835289663
AD,MEPL_DS,2,2,0.001,0.9279069767441861,0.9252873563218391,0.920280364330098,0.9159172661870504
AD,MEPL_DS,2,2,0.01,0.9279069767441861,0.9252873563218391,0.920280364330098,0.9159172661870504
AD,MEPL_DS,2,2,0.1,0.9302325581395349,0.9285887723387724,0.9227285796434732,0.9177158273381295
AD,MEPL_DS,2,2,1.0,0.9279069767441861,0.9252873563218391,0.920280364330098,0.9159172661870504
AD,MEPL_DS,2,2,10.0,0.9325581395348838,0.9291483377803418,0.9256583144051174,0.9224962135554715
AD,MEPL_DS,2,2,100.0,0.9325581395348838,0.9291483377803418,0.9256583144051174,0.9224962135554715
AD,MEPL_DS,2,2,1000.0,0.9325581395348838,0.9291483377803418,0.9256583144051174,0.9224962135554715
AD,MEPL_DS,2,3,0.001,0.9302325581395349,0.9333432598769109,0.9219600725952812,0.9132430897387354
AD,MEPL_DS,2,3,0.01,0.9302325581395349,0.9333432598769109,0.9219600725952812,0.9132430897387354
AD,MEPL_DS,2,3,0.1,0.9302325581395349,0.9333432598769109,0.9219600725952812,0.9132430897387354
AD,MEPL_DS,2,3,1.0,0.9209302325581395,0.9262303348124243,0.9109427158207646,0.9000851950018932
AD,MEPL_DS,2,3,10.0,0.9186046511627907,0.9244702665755298,0.9081617086193745,0.8967957213176827
AD,MEPL_DS,2,3,100.0,0.913953488372093,0.9209706655773698,0.9025665835839085,0.8902167739492617
AD,MEPL_DS,2,3,1000.0,0.913953488372093,0.9209706655773698,0.9025665835839085,0.8902167739492617
AD,MEPL_DS,2,4,0.001,0.8953488372093024,0.8926178644713096,0.8831373543746489,0.8758282847406286
AD,MEPL_DS,2,4,0.01,0.8953488372093024,0.8926178644713096,0.8831373543746489,0.8758282847406286
AD,MEPL_DS,2,4,0.1,0.8930232558139535,0.8892857142857142,0.88073991896585,0.8740297235895494
AD,MEPL_DS,2,4,1.0,0.8930232558139535,0.8892857142857142,0.88073991896585,0.8740297235895494
AD,MEPL_DS,2,4,10.0,0.8930232558139535,0.8892857142857142,0.88073991896585,0.8740297235895494
AD,MEPL_DS,2,4,100.0,0.8930232558139535,0.8892857142857142,0.88073991896585,0.8740297235895494
AD,MEPL_DS,2,4,1000.0,0.8930232558139535,0.8892857142857142,0.88073991896585,0.8740297235895494
AD,MEPL_DS,2,5,0.001,0.9067599067599068,0.9177667766776678,0.8935747953361449,0.8788119893596809
AD,MEPL_DS,2,5,0.01,0.9067599067599068,0.9177667766776678,0.8935747953361449,0.8788119893596809
AD,MEPL_DS,2,5,0.1,0.9137529137529138,0.9250534494446472,0.9017401155124706,0.8871959908797264
AD,MEPL_DS,2,5,1.0,0.9044289044289044,0.9117829457364341,0.8915176671580206,0.8784913547406422
AD,MEPL_DS,2,5,10.0,0.9044289044289044,0.916078947368421,0.8907087866680751,0.8755225156754702
AD,MEPL_DS,2,5,100.0,0.9020979020979021,0.9143971443680592,0.8878305692514568,0.8722330419912597
AD,MEPL_DS,2,5,1000.0,0.9020979020979021,0.9143971443680592,0.8878305692514568,0.8722330419912597
AD,MEPL_DS,3,1,0.001,0.9046511627906977,0.9237077467643006,0.8895494897224014,0.8710952290798939
AD,MEPL_DS,3,1,0.01,0.9046511627906977,0.9237077467643006,0.8895494897224014,0.8710952290798939
AD,MEPL_DS,3,1,0.1,0.9046511627906977,0.9237077467643006,0.8895494897224014,0.8710952290798939
AD,MEPL_DS,3,1,1.0,0.9046511627906977,0.9237077467643006,0.8895494897224014,0.8710952290798939
AD,MEPL_DS,3,1,10.0,0.9046511627906977,0.9237077467643006,0.8895494897224014,0.8710952290798939
AD,MEPL_DS,3,1,100.0,0.9046511627906977,0.9237077467643006,0.8895494897224014,0.8710952290798939
AD,MEPL_DS,3,1,1000.0,0.9046511627906977,0.9237077467643006,0.8895494897224014,0.8710952290798939
AD,MEPL_DS,3,2,0.001,0.9279069767441861,0.9266952559635486,0.92002399880006,0.914426353653919
AD,MEPL_DS,3,2,0.01,0.9255813953488372,0.9233682983682984,0.9175771516197048,0.9126277925028399
AD,MEPL_DS,3,2,0.1,0.9255813953488372,0.9233682983682984,0.9175771516197048,0.9126277925028399
AD,MEPL_DS,3,2,1.0,0.9186046511627907,0.9176544209673857,0.9094088400117979,0.9027593714502082
AD,MEPL_DS,3,2,10.0,0.9325581395348838,0.9319339197387978,0.9251837408129594,0.9195143884892086
AD,MEPL_DS,3,2,100.0,0.9279069767441861,0.9266952559635486,0.92002399880006,0.914426353653919
AD,MEPL_DS,3,2,1000.0,0.9279069767441861,0.9266952559635486,0.92002399880006,0.914426353653919
AD,MEPL_DS,3,3,0.001,0.8953488372093024,0.9120889513361614,0.8787738301831236,0.8609191594093146
AD,MEPL_DS,3,3,0.01,0.8976744186046511,0.9137096774193548,0.8817026810724289,0.8642086330935252
AD,MEPL_DS,3,3,0.1,0.9023255813953488,0.9194892473118279,0.8870798319327731,0.8692966679288148
AD,MEPL_DS,3,3,1.0,0.9116279069767442,0.9310483870967742,0.8978341336534614,0.8794727375993941
AD,MEPL_DS,3,3,10.0,0.9093023255813953,0.919635664353837,0.8965447041622713,0.8821469140477092
AD,MEPL_DS,3,3,100.0,0.9069767441860465,0.9179459064327485,0.8936932927884496,0.8788574403634988
AD,MEPL_DS,3,3,1000.0,0.9069767441860465,0.9179459064327485,0.8936932927884496,0.8788574403634988
AD,MEPL_DS,3,4,0.001,0.9441860465116279,0.9442501942501942,0.9381828637147787,0.9329799318439984
AD,MEPL_DS,3,4,0.01,0.9441860465116279,0.9442501942501942,0.9381828637147787,0.9329799318439984
AD,MEPL_DS,3,4,0.1,0.9418604651162791,0.942411247289296,0.935503224838758,0.929690458159788
AD,MEPL_DS,3,4,1.0,0.9372093023255814,0.9356926799758016,0.9305667689326659,0.9260933358576298
AD,MEPL_DS,3,4,10.0,0.9395348837209302,0.9362420931569868,0.9334523809523809,0.9308737220749717
AD,MEPL_DS,3,4,100.0,0.9372093023255814,0.9343164827768564,0.9307853272047646,0.927584248390761
AD,MEPL_DS,3,4,1000.0,0.9372093023255814,0.9343164827768564,0.9307853272047646,0.927584248390761
AD,MEPL_DS,3,5,0.001,0.9300699300699301,0.9299455268194533,0.9223838471558836,0.9161599847995441
AD,MEPL_DS,3,5,0.01,0.9277389277389277,0.9280806737588653,0.9196653477906309,0.9128705111153335
AD,MEPL_DS,3,5,0.1,0.9347319347319347,0.9336988304093568,0.927791670674233,0.9227389321679651
AD,MEPL_DS,3,5,1.0,0.9300699300699301,0.9271019894476984,0.9228787152444871,0.919128823864716
AD,MEPL_DS,3,5,10.0,0.9254079254079254,0.9232456140350878,0.9174761950562662,0.9125498764962949
AD,MEPL_DS,3,5,100.0,0.9254079254079254,0.9232456140350878,0.9174761950562662,0.9125498764962949
AD,MEPL_DS,3,5,1000.0,0.9254079254079254,0.9232456140350878,0.9174761950562662,0.9125498764962949
AD,MEPL_DS,4,1,0.001,0.9488372093023256,0.9479548524020838,0.9435142945854929,0.9395588792124195
AD,MEPL_DS,4,1,0.01,0.9372093023255814,0.9330411521650863,0.9309992333248147,0.9290751609238925
AD,MEPL_DS,4,1,0.1,0.8930232558139535,0.8857322014277446,0.8818935250423942,0.8785024611889436
AD,MEPL_DS,4,1,1.0,0.6046511627906976,0.5664285714285714,0.5662132972536733,0.5660261264672473
AD,MEPL_DS,4,1,10.0,0.5465116279069767,0.5117644355598447,0.5115771079073831,0.5121166224914805
AD,MEPL_DS,4,1,100.0,0.5395348837209303,0.5064804673238408,0.5060224187147532,0.5067209390382431
AD,MEPL_DS,4,1,1000.0,0.5395348837209303,0.5064804673238408,0.5060224187147532,0.5067209390382431
AD,MEPL_DS,4,2,0.001,0.9372093023255814,0.9404558827165073,0.9298824126247893,0.9216205982582355
AD,MEPL_DS,4,2,0.01,0.9372093023255814,0.9404558827165073,0.9298824126247893,0.9216205982582355
AD,MEPL_DS,4,2,0.1,0.9372093023255814,0.9404558827165073,0.9298824126247893,0.9216205982582355
AD,MEPL_DS,4,2,1.0,0.9372093023255814,0.9404558827165073,0.9298824126247893,0.9216205982582355
AD,MEPL_DS,4,2,10.0,0.9372093023255814,0.9387592333554198,0.9301153908662442,0.9231115107913669
AD,MEPL_DS,4,2,100.0,0.9372093023255814,0.9387592333554198,0.9301153908662442,0.9231115107913669
AD,MEPL_DS,4,2,1000.0,0.9372093023255814,0.9387592333554198,0.9301153908662442,0.9231115107913669
AD,MEPL_DS,4,3,0.001,0.9093023255813953,0.9174972314507198,0.8969262257297217,0.8836378265808406
AD,MEPL_DS,4,3,0.01,0.9093023255813953,0.9174972314507198,0.8969262257297217,0.8836378265808406
AD,MEPL_DS,4,3,0.1,0.9069767441860465,0.9157698675496688,0.8940886699507389,0.88034835289663
AD,MEPL_DS,4,3,1.0,0.9046511627906977,0.9140484914633196,0.891239304375721,0.8770588792124195
AD,MEPL_DS,4,3,10.0,0.9023255813953488,0.9123329156223894,0.8883779574278721,0.873769405528209
AD,MEPL_DS,4,3,100.0,0.9023255813953488,0.9123329156223894,0.8883779574278721,0.873769405528209
AD,MEPL_DS,4,3,1000.0,0.9046511627906977,0.9140484914633196,0.891239304375721,0.8770588792124195
AD,MEPL_DS,4,4,0.001,0.9023255813953488,0.9063199105145414,0.8895980046948357,0.8782421431276032
AD,MEPL_DS,4,4,0.01,0.9023255813953488,0.9063199105145414,0.8895980046948357,0.8782421431276032
AD,MEPL_DS,4,4,0.1,0.9023255813953488,0.9063199105145414,0.8895980046948357,0.8782421431276032
AD,MEPL_DS,4,4,1.0,0.9069767441860465,0.9137179487179488,0.8944759380598296,0.8818392654297614
AD,MEPL_DS,4,4,10.0,0.9046511627906977,0.9119601328903655,0.8916403911517587,0.8785497917455509
AD,MEPL_DS,4,4,100.0,0.9,0.906423034330011,0.8863545565737958,0.8734617569102613
AD,MEPL_DS,4,4,1000.0,0.9023255813953488,0.910207988410596,0.8887931034482759,0.8752603180613404
AD,MEPL_DS,4,5,0.001,0.9137529137529138,0.9208079307341565,0.9024550622215395,0.8901648299448983
AD,MEPL_DS,4,5,0.01,0.9114219114219114,0.9190635451505016,0.8996380023640662,0.8868753562606879
AD,MEPL_DS,4,5,0.1,0.9114219114219114,0.9190635451505016,0.8996380023640662,0.8868753562606879
AD,MEPL_DS,4,5,1.0,0.9067599067599068,0.915593853820598,0.893969352446861,0.8802964088922668
AD,MEPL_DS,4,5,10.0,0.9090909090909091,0.9173255813953488,0.8968094882722637,0.8835858825764773
AD,MEPL_DS,4,5,100.0,0.9090909090909091,0.9173255813953488,0.8968094882722637,0.8835858825764773
AD,MEPL_DS,4,5,1000.0,0.9090909090909091,0.9173255813953488,0.8968094882722637,0.8835858825764773
AD,EPL,0,1,0.001,0.9069767441860465,0.9037803208137716,0.8966371000697098,0.8907847406285498
AD,EPL,0,1,0.01,0.9069767441860465,0.9037803208137716,0.8966371000697098,0.8907847406285498
AD,EPL,0,1,0.1,0.9023255813953488,0.898523082942097,0.8914689550731953,0.8856967057932601
AD,EPL,0,1,1.0,0.9162790697674419,0.9157635467980295,0.9066660235384911,0.8994698977659977
AD,EPL,0,1,10.0,0.9023255813953488,0.8961026432568011,0.8921636532995771,0.8886785308595229
AD,EPL,0,1,100.0,0.9,0.8940713853599516,0.8894211505223937,0.8853890571753124
AD,EPL,0,1,1000.0,0.9,0.8940713853599516,0.8894211505223937,0.8853890571753124
AD,EPL,0,2,0.001,0.8953488372093024,0.8888687235329704,0.8842779482211098,0.8803010223400227
AD,EPL,0,2,0.01,0.8930232558139535,0.8847278129193024,0.8822619047619048,0.879993373722075
AD,EPL,0,2,0.1,0.8348837209302326,0.8188269794721408,0.8201695224743919,0.8216111321469141
AD,EPL,0,2,1.0,0.5953488372093023,0.5538780628979355,0.5532494208125343,0.5528682317304051
AD,EPL,0,2,10.0,0.5465116279069767,0.5001923030696378,0.5001162520344106,0.5001893222264294
AD,EPL,0,2,100.0,0.5302325581395348,0.48452380952380947,0.4845593296778941,0.48461756910261267
AD,EPL,0,2,1000.0,0.5302325581395348,0.48610848163574405,0.48610848163574405,0.48610848163574405
AD,EPL,0,3,0.001,0.8534883720930233,0.8406099978504382,0.8389982110912343,0.8374905338886786
AD,EPL,0,3,0.01,0.8511627906976744,0.8383649607053862,0.8361904761904762,0.834201060204468
AD,EPL,0,3,0.1,0.8465116279069768,0.8338799922824618,0.8305428837564786,0.827622112836047
AD,EPL,0,3,1.0,0.8744186046511628,0.860945644080417,0.8638123167155425,0.8670957970465732
AD,EPL,0,3,10.0,0.8697674418604651,0.8575350246118894,0.8575350246118894,0.8575350246118894
AD,EPL,0,3,100.0,0.8697674418604651,0.8575350246118894,0.8575350246118894,0.8575350246118894
AD,EPL,0,3,1000.0,0.8697674418604651,0.8575350246118894,0.8575350246118894,0.8575350246118894
AD,EPL,0,4,0.001,0.8860465116279069,0.8727631670091667,0.8769354772765768,0.8820522529344945
AD,EPL,0,4,0.01,0.8837209302325582,0.8700939745715865,0.8745946198175498,0.8802536917834154
AD,EPL,0,4,0.1,0.8976744186046511,0.8854166666666667,0.8893411940857197,0.8940268837561529
AD,EPL,0,4,1.0,0.8953488372093024,0.8812779739547019,0.8887131560028756,0.9011737978038621
AD,EPL,0,4,10.0,0.9023255813953488,0.8888813158851326,0.895486111111111,0.9050785687239682
AD,EPL,0,4,100.0,0.9116279069767442,0.8986504907306434,0.9054398148148148,0.9152546383945476
AD,EPL,0,4,1000.0,0.9116279069767442,0.8986504907306434,0.9054398148148148,0.9152546383945476
AD,EPL,0,5,0.001,0.916083916083916,0.9082984989549686,0.9082984989549686,0.9082984989549686
AD,EPL,0,5,0.01,0.916083916083916,0.9082984989549686,0.9082984989549686,0.9082984989549686
AD,EPL,0,5,0.1,0.9184149184149184,0.9123801534036433,0.9104421527284874,0.9086191335740073
AD,EPL,0,5,1.0,0.9230769230769231,0.9145632210972452,0.9163085181222178,0.9181669200076001
AD,EPL,0,5,10.0,0.9114219114219114,0.8997086974615065,0.9045639752716372,0.9106260687820635
AD,EPL,0,5,100.0,0.9114219114219114,0.8997086974615065,0.9045639752716372,0.9106260687820635
AD,EPL,0,5,1000.0,0.9114219114219114,0.8997086974615065,0.9045639752716372,0.9106260687820635
AD,EPL,1,1,0.001,0.8674418604651163,0.8526343604237034,0.8572302315421583,0.8631910261264673
AD,EPL,1,1,0.01,0.8697674418604651,0.8552377003869541,0.8595459741956557,0.8649895872775464
AD,EPL,1,1,0.1,0.8627906976744186,0.8475128644939967,0.8526122546200279,0.859593903824309
AD,EPL,1,1,1.0,0.8674418604651163,0.8529058625228012,0.8568433103013241,0.8617001135933358
AD,EPL,1,1,10.0,0.8744186046511628,0.8599165596919127,0.86492460908414,0.8715685346459674
AD,EPL,1,1,100.0,0.8767441860465116,0.8625146481009168,0.8672491626620067,0.8733670957970465
AD,EPL,1,1,1000.0,0.8767441860465116,0.8625146481009168,0.8672491626620067,0.8733670957970465
AD,EPL,1,2,0.001,0.8790697674418605,0.868452380952381,0.8673123026893588,0.8662201817493373
AD,EPL,1,2,0.01,0.8744186046511628,0.8626230594471791,0.8626230594471791,0.8626230594471791
AD,EPL,1,2,0.1,0.8790697674418605,0.8670478072651986,0.8681012717963239,0.8692020068156001
AD,EPL,1,2,1.0,0.8837209302325582,0.8763840326340326,0.8712142994057888,0.8668354789852328
AD,EPL,1,2,10.0,0.8744186046511628,0.8641221008242285,0.8617857142857143,0.8596412343809163
AD,EPL,1,2,100.0,0.8697674418604651,0.85897067280046,0.8566666666666667,0.8545531995456267
AD,EPL,1,2,1000.0,0.8697674418604651,0.85897067280046,0.8566666666666667,0.8545531995456267
AD,EPL,1,3,0.001,0.8767441860465116,0.8655201879940184,0.8649649525096137,0.8644216205982582
AD,EPL,1,3,0.01,0.872093023255814,0.8591788856304985,0.8606947005083316,0.8623154108292314
AD,EPL,1,3,0.1,0.8186046511627907,0.8007748028608106,0.8048911020104244,0.8105121166224916
AD,EPL,1,3,1.0,0.6023255813953489,0.5721555174385363,0.5728253481360126,0.5746639530480878
AD,EPL,1,3,10.0,0.5558139534883721,0.5147943653995894,0.5148131738295674,0.5148381294964028
AD,EPL,1,3,100.0,0.5488372093023256,0.5079051383399209,0.5079162832401312,0.5079515335100341
AD,EPL,1,3,1000.0,0.5441860465116279,0.5043046977353547,0.5042819499341238,0.5043544112078758
AD,EPL,1,4,0.001,0.872093023255814,0.8597602699322809,0.8602865160242208,0.8608244982961
AD,EPL,1,4,0.01,0.8767441860465116,0.8655201879940184,0.8649649525096137,0.8644216205982582
AD,EPL,1,4,0.1,0.8744186046511628,0.8633333333333333,0.8622089297158726,0.8611321469140477
AD,EPL,1,4,1.0,0.872093023255814,0.8611502543648045,0.8594428826986968,0.8578426732298372
AD,EPL,1,4,10.0,0.8790697674418605,0.8701765386841598,0.8664883326566195,0.8632383566830746
AD,EPL,1,4,100.0,0.8813953488372093,0.8732607380520266,0.8688483413172579,0.8650369178341537
AD,EPL,1,4,1000.0,0.8813953488372093,0.8732607380520266,0.8688483413172579,0.8650369178341537
AD,EPL,1,5,0.001,0.8881118881118881,0.8838111715274345,0.8754053923229586,0.8688248147444424
AD,EPL,1,5,0.01,0.8881118881118881,0.8838111715274345,0.8754053923229586,0.8688248147444424
AD,EPL,1,5,0.1,0.8811188811188811,0.8764822624658893,0.8673975890470735,0.8604408132243968
AD,EPL,1,5,1.0,0.8321678321678322,0.8240740740740741,0.8105216665848751,0.8017528025840774
AD,EPL,1,5,10.0,0.7972027972027972,0.78344177468108,0.7706375787371332,0.7628016340490215
AD,EPL,1,5,100.0,0.7995337995337995,0.78499873513787,0.7744755244755245,0.767575527265818
AD,EPL,1,5,1000.0,0.7972027972027972,0.7826534241007925,0.7714521906861393,0.7642860535816074
AD,EPL,2,1,0.001,0.8976744186046511,0.8898792409430707,0.8873809523809524,0.8850814085573646
AD,EPL,2,1,0.01,0.8976744186046511,0.8898792409430707,0.8873809523809524,0.8850814085573646
AD,EPL,2,1,0.1,0.8906976744186047,0.8816905108791707,0.879887554306159,0.8781948125709959
AD,EPL,2,1,1.0,0.9046511627906977,0.8970957032649454,0.8952210580117557,0.8934589170768648
AD,EPL,2,1,10.0,0.9,0.8910370528614493,0.8904432633568564,0.8898617947747065
AD,EPL,2,1,100.0,0.9,0.8901984379792831,0.8907694579825727,0.891352707307838
AD,EPL,2,1,1000.0,0.9,0.8901984379792831,0.8907694579825727,0.891352707307838
AD,EPL,2,2,0.001,0.8744186046511628,0.8599165596919127,0.86492460908414,0.8715685346459674
AD,EPL,2,2,0.01,0.872093023255814,0.8575745042623102,0.8622396971020824,0.8682790609617569
AD,EPL,2,2,0.1,0.872093023255814,0.8575745042623102,0.8622396971020824,0.8682790609617569
AD,EPL,2,2,1.0,0.8813953488372093,0.8671812464265294,0.8725970336546003,0.8799460431654677
AD,EPL,2,2,10.0,0.8744186046511628,0.8594961240310077,0.8662935323383085,0.877532184778493
AD,EPL,2,2,100.0,0.872093023255814,0.8570994804435348,0.8639827462257368,0.8757336236274138
AD,EPL,2,2,1000.0,0.8744186046511628,0.8594961240310077,0.8662935323383085,0.877532184778493
AD,EPL,2,3,0.001,0.8906976744186047,0.8826350328117112,0.8795151992082939,0.8767039000378645
AD,EPL,2,3,0.01,0.8930232558139535,0.8847278129193024,0.8822619047619048,0.879993373722075
AD,EPL,2,3,0.1,0.9069767441860465,0.9001820969906076,0.8976190476190475,0.8952574782279439
AD,EPL,2,3,1.0,0.8511627906976744,0.8475641025641025,0.8311615008957276,0.8207828474062855
AD,EPL,2,3,10.0,0.8232558139534883,0.821236559139785,0.7956682673069229,0.7828000757288907
AD,EPL,2,3,100.0,0.8162790697674419,0.8133291901969791,0.7871807240992613,0.7744225672093903
AD,EPL,2,3,1000.0,0.8162790697674419,0.8133291901969791,0.7871807240992613,0.7744225672093903
AD,EPL,2,4,0.001,0.8674418604651163,0.8596161869002921,0.8524658251620709,0.8467909882620219
AD,EPL,2,4,0.01,0.8674418604651163,0.8596161869002921,0.8524658251620709,0.8467909882620219
AD,EPL,2,4,0.1,0.872093023255814,0.8648923899973006,0.8576424628756825,0.8518790230973117
AD,EPL,2,4,1.0,0.8813953488372093,0.8732607380520266,0.8688483413172579,0.8650369178341537
AD,EPL,2,4,10.0,0.8813953488372093,0.8732607380520266,0.8688483413172579,0.8650369178341537
AD,EPL,2,4,100.0,0.8837209302325582,0.875361759598688,0.871623396785211,0.8683263915183643
AD,EPL,2,4,1000.0,0.8837209302325582,0.875361759598688,0.871623396785211,0.8683263915183643
AD,EPL,2,5,0.001,0.8508158508158508,0.8369751092532776,0.8369751092532776,0.8369751092532776
AD,EPL,2,5,0.01,0.8554778554778555,0.8415584415584416,0.8425333901676613,0.8435540566216987
AD,EPL,2,5,0.1,0.8601398601398601,0.8461538461538461,0.8480519480519481,0.8501330039901197
AD,EPL,2,5,1.0,0.8508158508158508,0.8364935064935065,0.8374538221085535,0.8384595287858636
AD,EPL,2,5,10.0,0.8764568764568764,0.8635256650430874,0.865969901144181,0.8687060611818354
AD,EPL,2,5,100.0,0.8741258741258742,0.8607828483348124,0.8636331528137509,0.8669010070302109
AD,EPL,2,5,1000.0,0.8741258741258742,0.8607828483348124,0.8636331528137509,0.8669010070302109
AD,EPL,3,1,0.001,0.8465116279069768,0.8363300492610837,0.8288877098205673,0.8231493752366528
AD,EPL,3,1,0.01,0.8488372093023255,0.8394645108655344,0.8311984007633819,0.8249479363877319
AD,EPL,3,1,0.1,0.8465116279069768,0.8363300492610837,0.8288877098205673,0.8231493752366528
AD,EPL,3,1,1.0,0.8558139534883721,0.8503428801936265,0.8376014229672767,0.828852707307838
AD,EPL,3,1,10.0,0.858139534883721,0.8551022492277056,0.8393665296923897,0.8291603559257856
AD,EPL,3,1,100.0,0.8558139534883721,0.8516625991458207,0.8370256259780908,0.8273617947747065
AD,EPL,3,1,1000.0,0.8558139534883721,0.8516625991458207,0.8370256259780908,0.8273617947747065
AD,EPL,3,2,0.001,0.8813953488372093,0.8677988408875753,0.8719124355327637,0.8769642180992048
AD,EPL,3,2,0.01,0.8860465116279069,0.8727631670091667,0.8769354772765768,0.8820522529344945
AD,EPL,3,2,0.1,0.8930232558139535,0.8815506269885832,0.8836580086580087,0.8859570238546005
AD,EPL,3,2,1.0,0.8186046511627907,0.8060974389755903,0.7964015151515151,0.789639341158652
AD,EPL,3,2,10.0,0.7744186046511627,0.7557403610035189,0.7454767353165521,0.7390666414237032
AD,EPL,3,2,100.0,0.7744186046511627,0.7552416823603265,0.7463682191047789,0.7405575539568345
AD,EPL,3,2,1000.0,0.7697674418604651,0.7498430634023854,0.7411386978492074,0.7354695191215449
AD,EPL,3,3,0.001,0.8953488372093024,0.8900246095368047,0.8839058047097645,0.8788101098068912
AD,EPL,3,3,0.01,0.8953488372093024,0.8900246095368047,0.8839058047097645,0.8788101098068912
AD,EPL,3,3,0.1,0.8953488372093024,0.8900246095368047,0.8839058047097645,0.8788101098068912
AD,EPL,3,3,1.0,0.8744186046511628,0.8649913177696316,0.8613532685280278,0.858150321847785
AD,EPL,3,3,10.0,0.8558139534883721,0.8491146458583434,0.838165306915307,0.8303436198409693
AD,EPL,3,3,100.0,0.8511627906976744,0.8437374949979992,0.8329448329448329,0.8252555850056796
AD,EPL,3,3,1000.0,0.8511627906976744,0.8437374949979992,0.8329448329448329,0.8252555850056796
AD,EPL,3,4,0.001,0.9069767441860465,0.8982393032942068,0.8982393032942068,0.8982393032942068
AD,EPL,3,4,0.01,0.9069767441860465,0.8982393032942068,0.8982393032942068,0.8982393032942068
AD,EPL,3,4,0.1,0.9069767441860465,0.8991666666666667,0.897932540530276,0.8967483907610754
AD,EPL,3,4,1.0,0.9093023255813953,0.898800774596953,0.9015030042464716,0.90451060204468
AD,EPL,3,4,10.0,0.9023255813953488,0.8909623976172747,0.8940762463343109,0.8976240060583112
AD,EPL,3,4,100.0,0.9,0.8881733156954211,0.8917060542699675,0.895825444907232
AD,EPL,3,4,1000.0,0.9,0.8881733156954211,0.8917060542699675,0.895825444907232
AD,EPL,3,5,0.001,0.8764568764568764,0.862268156424581,0.8696549470582502,0.8850346760402812
AD,EPL,3,5,0.01,0.8741258741258742,0.8600066934404285,0.8673439003160932,0.8832296218886566
AD,EPL,3,5,0.1,0.8554778554778555,0.8412377096587623,0.8480253233990035,0.8643359300779023
AD,EPL,3,5,1.0,0.8508158508158508,0.8352406713829934,0.8392656425627576,0.8443972069162075
AD,EPL,3,5,10.0,0.8275058275058275,0.8123617389631624,0.8103584229390681,0.8085336310089303
AD,EPL,3,5,100.0,0.8298368298368298,0.8157843613404565,0.8120419885125767,0.8088542656279688
AD,EPL,3,5,1000.0,0.8275058275058275,0.8128902657437436,0.809767497603068,0.8070492114763443
AD,EPL,4,1,0.001,0.8860465116279069,0.8723949357781301,0.8772680937818552,0.8835431654676259
AD,EPL,4,1,0.01,0.8813953488372093,0.8677988408875753,0.8719124355327637,0.8769642180992048
AD,EPL,4,1,0.1,0.8604651162790697,0.845937267311988,0.8486803519061583,0.8518316925407042
AD,EPL,4,1,1.0,0.6162790697674418,0.5736977428366585,0.5715036327070461,0.5705461946232488
AD,EPL,4,1,10.0,0.5627906976744186,0.5175815164962377,0.5173039719123934,0.5172519878833776
AD,EPL,4,1,100.0,0.5627906976744186,0.5203571428571429,0.5202829404922975,0.5202338129496402
AD,EPL,4,1,1000.0,0.5604651162790698,0.5184908257969569,0.5184599249871128,0.5184352517985611
AD,EPL,4,2,0.001,0.8976744186046511,0.8849502487562189,0.8896432654394438,0.8955177962892844
AD,EPL,4,2,0.01,0.8976744186046511,0.8849502487562189,0.8896432654394438,0.8955177962892844
AD,EPL,4,2,0.1,0.9,0.8876561453739408,0.8920046025080164,0.8973163574403635
AD,EPL,4,2,1.0,0.8953488372093024,0.8826918192523494,0.8869815607642032,0.8922283226050738
AD,EPL,4,2,10.0,0.8976744186046511,0.8859596053611318,0.889032258064516,0.8925359712230216
AD,EPL,4,2,100.0,0.8953488372093024,0.8831836431571862,0.886669126561594,0.8907374100719425
AD,EPL,4,2,1000.0,0.8953488372093024,0.8831836431571862,0.886669126561594,0.8907374100719425
AD,EPL,4,3,0.001,0.8813953488372093,0.8722987428186822,0.8692611736089997,0.8665278303672851
AD,EPL,4,3,0.01,0.8837209302325582,0.8744249568717655,0.8720238095238095,0.8698173040514956
AD,EPL,4,3,0.1,0.8837209302325582,0.875361759598688,0.871623396785211,0.8683263915183643
AD,EPL,4,3,1.0,0.8883720930232558,0.8827513693270735,0.8759645200836519,0.8704326012873911
AD,EPL,4,3,10.0,0.8813953488372093,0.8714203826219876,0.8696652185024277,0.8680187429004165
AD,EPL,4,3,100.0,0.8813953488372093,0.8706235609675046,0.8700606146790621,0.869509655433548
AD,EPL,4,3,1000.0,0.8813953488372093,0.8706235609675046,0.8700606146790621,0.869509655433548
AD,EPL,4,4,0.001,0.8790697674418605,0.8692735288479969,0.8669047619047618,0.864729269216206
AD,EPL,4,4,0.01,0.8790697674418605,0.8692735288479969,0.8669047619047618,0.864729269216206
AD,EPL,4,4,0.1,0.8837209302325582,0.875361759598688,0.871623396785211,0.8683263915183643
AD,EPL,4,4,1.0,0.8674418604651163,0.8585926268853098,0.8529473526323684,0.8482819007951534
AD,EPL,4,4,10.0,0.8674418604651163,0.8546872419244473,0.855206025697829,0.8557364634608102
AD,EPL,4,4,100.0,0.8697674418604651,0.8569311123658949,0.8579552157806564,0.8590259371450208
AD,EPL,4,4,1000.0,0.8697674418604651,0.8569311123658949,0.8579552157806564,0.8590259371450208
AD,EPL,4,5,0.001,0.8904428904428905,0.8871247829322748,0.8777977781414208,0.870629868896067
AD,EPL,4,5,0.01,0.8904428904428905,0.8871247829322748,0.8777977781414208,0.870629868896067
AD,EPL,4,5,0.1,0.8904428904428905,0.8871247829322748,0.8777977781414208,0.870629868896067
AD,EPL,4,5,1.0,0.8811188811188811,0.8764822624658893,0.8673975890470735,0.8604408132243968
AD,EPL,4,5,10.0,0.8787878787878788,0.872049369387054,0.8654653350701984,0.8601201786053582
AD,EPL,4,5,100.0,0.8787878787878788,0.872049369387054,0.8654653350701984,0.8601201786053582
AD,EPL,4,5,1000.0,0.8787878787878788,0.872049369387054,0.8654653350701984,0.8601201786053582
AD,PL,0,1,0.001,0.8441860465116279,0.8351436187439276,0.8254140432313855,0.8183689890193109
AD,PL,0,1,0.01,0.8441860465116279,0.8351436187439276,0.8254140432313855,0.8183689890193109
AD,PL,0,1,0.1,0.8395348837209302,0.8297874990657931,0.820202522133815,0.8132809541840212
AD,PL,0,1,1.0,0.8627906976744186,0.856568097456466,0.8462601276216677,0.8387211283604695
AD,PL,0,1,10.0,0.8534883720930233,0.8428766355595624,0.8374681265936703,0.8330177962892844
AD,PL,0,1,100.0,0.8534883720930233,0.8428766355595624,0.8374681265936703,0.8330177962892844
AD,PL,0,1,1000.0,0.8534883720930233,0.8428766355595624,0.8374681265936703,0.8330177962892844
AD,PL,0,2,0.001,0.8325581395348837,0.818958818958819,0.8145485911443358,0.8108670957970465
AD,PL,0,2,0.01,0.8372093023255814,0.8235095504534053,0.8202727554992955,0.8174460431654677
AD,PL,0,2,0.1,0.813953488372093,0.7959093447505585,0.7982404692082111,0.8009513441878076
AD,PL,0,2,1.0,0.5674418604651162,0.5422557265569077,0.5416513845589583,0.5447037107156381
AD,PL,0,2,10.0,0.5093023255813953,0.49005303580466975,0.48629535893646775,0.48930329420673985
AD,PL,0,2,100.0,0.5,0.4820193637621023,0.4776216387254985,0.48061813706929196
AD,PL,0,2,1000.0,0.5,0.4820193637621023,0.4776216387254985,0.48061813706929196
AD,PL,0,3,0.001,0.8395348837209302,0.8230824809772178,0.8289430444332981,0.8386264672472548
AD,PL,0,3,0.01,0.8418604651162791,0.8254524886877828,0.831212911865894,0.8404250283983339
AD,PL,0,3,0.1,0.8395348837209302,0.8237533775485139,0.8301650267030721,0.843099204846649
AD,PL,0,3,1.0,0.8186046511627907,0.8007748028608106,0.8048911020104244,0.8105121166224916
AD,PL,0,3,10.0,0.8348837209302326,0.8185413312801848,0.8206849564487045,0.8231020446800454
AD,PL,0,3,100.0,0.8348837209302326,0.8188269794721408,0.8201695224743919,0.8216111321469141
AD,PL,0,3,1000.0,0.8325581395348837,0.8161613325846903,0.8178994918125353,0.8198125709958348
AD,PL,0,4,0.001,0.872093023255814,0.866041187668422,0.8571678775690155,0.8503881105641802
AD,PL,0,4,0.01,0.8697674418604651,0.8639815366289458,0.8543254688445252,0.8470986368799698
AD,PL,0,4,0.1,0.8697674418604651,0.8652460984393757,0.8538267288267288,0.8456077243468383
AD,PL,0,4,1.0,0.8767441860465116,0.8680580762250454,0.8637051390159738,0.8599488829988641
AD,PL,0,4,10.0,0.8860465116279069,0.8765554467505792,0.8747763864042934,0.8731067777357062
AD,PL,0,4,100.0,0.8837209302325582,0.8744249568717655,0.8720238095238095,0.8698173040514956
AD,PL,0,4,1000.0,0.8837209302325582,0.8744249568717655,0.8720238095238095,0.8698173040514956
AD,PL,0,5,0.001,0.8648018648018648,0.8623737373737375,0.8473646758600383,0.8374144974349231
AD,PL,0,5,0.01,0.8648018648018648,0.8623737373737375,0.8473646758600383,0.8374144974349231
AD,PL,0,5,0.1,0.8741258741258742,0.8733164983164983,0.8578912499386563,0.8476035531065932
AD,PL,0,5,1.0,0.8974358974358975,0.8931025175442902,0.8861629758286294,0.8804982899486984
AD,PL,0,5,10.0,0.8974358974358975,0.8931025175442902,0.8861629758286294,0.8804982899486984
AD,PL,0,5,100.0,0.8951048951048951,0.8898601398601399,0.8837643375380076,0.8786932357970738
AD,PL,0,5,1000.0,0.8951048951048951,0.8898601398601399,0.8837643375380076,0.8786932357970738
AD,PL,1,1,0.001,0.8744186046511628,0.8599165596919127,0.86492460908414,0.8715685346459674
AD,PL,1,1,0.01,0.872093023255814,0.8575745042623102,0.8622396971020824,0.8682790609617569
AD,PL,1,1,0.1,0.8860465116279069,0.8732042980807166,0.8765952711448468,0.880561340401363
AD,PL,1,1,1.0,0.8953488372093024,0.8816625304524032,0.8878774358409771,0.896701060204468
AD,PL,1,1,10.0,0.8883720930232558,0.875046065966464,0.8796108350248477,0.885341726618705
AD,PL,1,1,100.0,0.8813953488372093,0.8677988408875753,0.8719124355327637,0.8769642180992048
AD,PL,1,1,1000.0,0.8813953488372093,0.8677988408875753,0.8719124355327637,0.8769642180992048
AD,PL,1,2,0.001,0.8697674418604651,0.8569311123658949,0.8579552157806564,0.8590259371450208
AD,PL,1,2,0.01,0.8627906976744186,0.8496142139166136,0.850125535371437,0.8506484286255207
AD,PL,1,2,0.1,0.8651162790697674,0.8524469897765998,0.8524469897765998,0.8524469897765998
AD,PL,1,2,1.0,0.8627906976744186,0.8533539631100606,0.8477876106194691,0.8431938659598637
AD,PL,1,2,10.0,0.8534883720930233,0.8496132145319002,0.8340998585347631,0.8240723210904961
AD,PL,1,2,100.0,0.8534883720930233,0.8496132145319002,0.8340998585347631,0.8240723210904961
AD,PL,1,2,1000.0,0.8534883720930233,0.8496132145319002,0.8340998585347631,0.8240723210904961
AD,PL,1,3,0.001,0.872093023255814,0.8648923899973006,0.8576424628756825,0.8518790230973117
AD,PL,1,3,0.01,0.8767441860465116,0.870168593094309,0.862819100589294,0.8569670579326013
AD,PL,1,3,0.1,0.8325581395348837,0.8168307459295722,0.8168307459295722,0.8168307459295722
AD,PL,1,3,1.0,0.6023255813953489,0.5788950671043522,0.57910463139457,0.5836094282468762
AD,PL,1,3,10.0,0.5395348837209303,0.5133992483894059,0.5120805061434074,0.5141755017039
AD,PL,1,3,100.0,0.5325581395348837,0.5068779169737165,0.5052633386567753,0.5072889057175312
AD,PL,1,3,1000.0,0.5325581395348837,0.5068779169737165,0.5052633386567753,0.5072889057175312
AD,PL,1,4,0.001,0.8488372093023255,0.832791438054596,0.8388593896835418,0.8488025369178342
AD,PL,1,4,0.01,0.8488372093023255,0.832791438054596,0.8388593896835418,0.8488025369178342
AD,PL,1,4,0.1,0.8488372093023255,0.832791438054596,0.8388593896835418,0.8488025369178342
AD,PL,1,4,1.0,0.8418604651162791,0.8254172015404364,0.8299050632911392,0.8359522907989398
AD,PL,1,4,10.0,0.8372093023255814,0.8204636728733115,0.8253614611617813,0.8323551684967816
AD,PL,1,4,100.0,0.8348837209302326,0.818025545866442,0.8230955098824306,0.8305566073457024
AD,PL,1,4,1000.0,0.8348837209302326,0.818025545866442,0.8230955098824306,0.8305566073457024
AD,PL,1,5,0.001,0.8438228438228438,0.8359788359788359,0.8246062595727284,0.8167157514725443
AD,PL,1,5,0.01,0.8438228438228438,0.8359788359788359,0.8246062595727284,0.8167157514725443
AD,PL,1,5,0.1,0.8484848484848485,0.8425878886405203,0.8292458895930928,0.8203258597757933
AD,PL,1,5,1.0,0.8228438228438228,0.8456902398421604,0.7854999999999999,0.7663286148584457
AD,PL,1,5,10.0,0.7995337995337995,0.8388275813593871,0.7473290598290598,0.7289806194185826
AD,PL,1,5,100.0,0.7925407925407926,0.8336528028933092,0.7363864205969468,0.719112198365951
AD,PL,1,5,1000.0,0.7925407925407926,0.8336528028933092,0.7363864205969468,0.719112198365951
AD,PL,2,1,0.001,0.8325581395348837,0.8177592486103125,0.8157142857142857,0.8138489208633093
AD,PL,2,1,0.01,0.8325581395348837,0.8177592486103125,0.8157142857142857,0.8138489208633093
AD,PL,2,1,0.1,0.8395348837209302,0.8252048054646636,0.8236647073856376,0.8222264293828095
AD,PL,2,1,1.0,0.8232558139534883,0.806347637869377,0.8072249357023193,0.8081455887921242
AD,PL,2,1,10.0,0.813953488372093,0.7960415496911847,0.797666102013928,0.7994604316546763
AD,PL,2,1,100.0,0.8116279069767441,0.7934602552436947,0.7954293165119025,0.7976618705035972
AD,PL,2,1,1000.0,0.8116279069767441,0.7934602552436947,0.7954293165119025,0.7976618705035972
AD,PL,2,2,0.001,0.8674418604651163,0.8546872419244473,0.855206025697829,0.8557364634608102
AD,PL,2,2,0.01,0.8674418604651163,0.8546872419244473,0.855206025697829,0.8557364634608102
AD,PL,2,2,0.1,0.8674418604651163,0.8546872419244473,0.855206025697829,0.8557364634608102
AD,PL,2,2,1.0,0.8697674418604651,0.8582142857142857,0.8571055567423865,0.8560441120787581
AD,PL,2,2,10.0,0.8744186046511628,0.860945644080417,0.8638123167155425,0.8670957970465732
AD,PL,2,2,100.0,0.872093023255814,0.8582352804660123,0.861484488019726,0.8652972358954941
AD,PL,2,2,1000.0,0.8697674418604651,0.8555555555555556,0.8591615197454614,0.863498674744415
AD,PL,2,3,0.001,0.9046511627906977,0.8981394678012548,0.894896237607235,0.8919680045437335
AD,PL,2,3,0.01,0.9093023255813953,0.9033076127977693,0.9000232504068821,0.8970560393790231
AD,PL,2,3,0.1,0.9116279069767442,0.905333525014376,0.9027380952380951,0.9003455130632336
AD,PL,2,3,1.0,0.8488372093023255,0.8368421052631579,0.8328459252082698,0.8294206739871262
AD,PL,2,3,10.0,0.8441860465116279,0.8323993080090641,0.8271486425678717,0.822841726618705
AD,PL,2,3,100.0,0.8418604651162791,0.8301789906103287,0.8242830701185068,0.8195522529344945
AD,PL,2,3,1000.0,0.8418604651162791,0.8301789906103287,0.8242830701185068,0.8195522529344945
AD,PL,2,4,0.001,0.8441860465116279,0.8351436187439276,0.8254140432313855,0.8183689890193109
AD,PL,2,4,0.01,0.8441860465116279,0.8351436187439276,0.8254140432313855,0.8183689890193109
AD,PL,2,4,0.1,0.8488372093023255,0.8428267638793954,0.8294431731502669,0.8204751987883377
AD,PL,2,4,1.0,0.8627906976744186,0.856568097456466,0.8462601276216677,0.8387211283604695
AD,PL,2,4,10.0,0.8651162790697674,0.8546208759405749,0.8510831402708448,0.8479742521772056
AD,PL,2,4,100.0,0.8674418604651163,0.856015190236213,0.854331714796831,0.8527546383945476
AD,PL,2,4,1000.0,0.8674418604651163,0.856015190236213,0.854331714796831,0.8527546383945476
AD,PL,2,5,0.001,0.8764568764568764,0.8785271317829457,0.8597667404725633,0.8479241877256318
AD,PL,2,5,0.01,0.8717948717948718,0.872984496124031,0.8544749193583205,0.8428296598897966
AD,PL,2,5,0.1,0.8694638694638694,0.8746959280803808,0.8504407590019424,0.8365713471404141
AD,PL,2,5,1.0,0.8601398601398601,0.8555400961295219,0.8426573426573426,0.833804389131674
AD,PL,2,5,10.0,0.8601398601398601,0.8555400961295219,0.8426573426573426,0.833804389131674
AD,PL,2,5,100.0,0.8578088578088578,0.8521919879062736,0.8403131617005437,0.8319993349800494
AD,PL,2,5,1000.0,0.8578088578088578,0.8521919879062736,0.8403131617005437,0.8319993349800494
AD,PL,3,1,0.001,0.8651162790697674,0.8564651799687011,0.8501237951010793,0.8449924271109428
AD,PL,3,1,0.01,0.8674418604651163,0.8585926268853098,0.8529473526323684,0.8482819007951534
AD,PL,3,1,0.1,0.8697674418604651,0.8617224178403755,0.8552919400975938,0.8500804619462325
AD,PL,3,1,1.0,0.8674418604651163,0.8553134420470461,0.8547736281707166,0.854245550927679
AD,PL,3,1,10.0,0.8651162790697674,0.8530952380952381,0.8520021837689002,0.8509560772434683
AD,PL,3,1,100.0,0.8674418604651163,0.856015190236213,0.854331714796831,0.8527546383945476
AD,PL,3,1,1000.0,0.8674418604651163,0.856015190236213,0.854331714796831,0.8527546383945476
AD,PL,3,2,0.001,0.8813953488372093,0.8671812464265294,0.8725970336546003,0.8799460431654677
AD,PL,3,2,0.01,0.8860465116279069,0.8720983419096626,0.8775932284132434,0.8850340780007573
AD,PL,3,2,0.1,0.8930232558139535,0.8809568131049889,0.8839882697947214,0.8874479363877319
AD,PL,3,2,1.0,0.8511627906976744,0.8383649607053862,0.8361904761904762,0.834201060204468
AD,PL,3,2,10.0,0.8441860465116279,0.8399778516057586,0.82292454163824,0.8124053388867853
AD,PL,3,2,100.0,0.8465116279069768,0.8434654387417219,0.8252463054187191,0.8142039000378645
AD,PL,3,2,1000.0,0.8418604651162791,0.837903559602649,0.8199507389162561,0.8091158652025747
AD,PL,3,3,0.001,0.8790697674418605,0.8644583787713559,0.8706018518518519,0.8796383945475199
AD,PL,3,3,0.01,0.8744186046511628,0.8595737913486006,0.8656249999999999,0.8745503597122302
AD,PL,3,3,0.1,0.8744186046511628,0.8597115735669952,0.86527884146766,0.8730594471790989
AD,PL,3,3,1.0,0.8860465116279069,0.8784633998790079,0.8739915436185418,0.8701249526694435
AD,PL,3,3,10.0,0.8953488372093024,0.8972557656768183,0.8819221967963387,0.8713555471412344
AD,PL,3,3,100.0,0.8953488372093024,0.8990145267941484,0.8814998989534022,0.869864634608103
AD,PL,3,3,1000.0,0.8953488372093024,0.8990145267941484,0.8814998989534022,0.869864634608103
AD,PL,3,4,0.001,0.8837209302325582,0.8813775510204082,0.8694881507381508,0.8608718288527073
AD,PL,3,4,0.01,0.8837209302325582,0.8813775510204082,0.8694881507381508,0.8608718288527073
AD,PL,3,4,0.1,0.8860465116279069,0.8848085373509103,0.8718767292384966,0.8626703900037864
AD,PL,3,4,1.0,0.8837209302325582,0.8721061547148503,0.8731742998041575,0.8742900416508899
AD,PL,3,4,10.0,0.8930232558139535,0.8829751987883377,0.8829751987883377,0.8829751987883377
AD,PL,3,4,100.0,0.8906976744186047,0.8800523819636158,0.8806084773297889,0.8811766376372586
AD,PL,3,4,1000.0,0.8906976744186047,0.8800523819636158,0.8806084773297889,0.8811766376372586
AD,PL,3,5,0.001,0.8368298368298368,0.8304901960784313,0.8319642777205782,0.8602864335930078
AD,PL,3,5,0.01,0.8344988344988346,0.8286912020905923,0.8297019406565022,0.8584813794413833
AD,PL,3,5,0.1,0.8344988344988346,0.827629800775971,0.8294234592445329,0.8569969599087972
AD,PL,3,5,1.0,0.8368298368298368,0.8237728436479209,0.8294912559618441,0.8484110773323199
AD,PL,3,5,10.0,0.8438228438228438,0.8290968633042238,0.8355898755898756,0.8508574007220217
AD,PL,3,5,100.0,0.8344988344988346,0.8200053312008531,0.8261522216831712,0.8421527645829375
AD,PL,3,5,1000.0,0.8391608391608392,0.8247700919632147,0.8310493421991382,0.8472472924187726
AD,PL,4,1,0.001,0.9046511627906977,0.8961404258349355,0.8955389255263049,0.8949498296099963
AD,PL,4,1,0.01,0.9046511627906977,0.8944868035190616,0.8961542312880292,0.897931654676259
AD,PL,4,1,0.1,0.8395348837209302,0.8242490738774451,0.8247230837394772,0.8252082544490723
AD,PL,4,1,1.0,0.6023255813953489,0.5666275659824047,0.566887159762268,0.5672093903824309
AD,PL,4,1,10.0,0.5511627906976744,0.5180674671240708,0.5178672057909383,0.5186955698599015
AD,PL,4,1,100.0,0.5441860465116279,0.5127680843329698,0.5122685185185185,0.5132998864066641
AD,PL,4,1,1000.0,0.541860465116279,0.5110181595592735,0.5104005918425144,0.511501325255585
AD,PL,4,2,0.001,0.8860465116279069,0.8717155229091569,0.8782214670065137,0.88801590306702
AD,PL,4,2,0.01,0.8860465116279069,0.8717155229091569,0.8782214670065137,0.88801590306702
AD,PL,4,2,0.1,0.8860465116279069,0.8717155229091569,0.8782214670065137,0.88801590306702
AD,PL,4,2,1.0,0.8906976744186047,0.8764817449027975,0.883482943309638,0.8945948504354411
AD,PL,4,2,10.0,0.8837209302325582,0.8691860465116279,0.8761977151280633,0.8877082544490723
AD,PL,4,2,100.0,0.8837209302325582,0.8691860465116279,0.8761977151280633,0.8877082544490723
AD,PL,4,2,1000.0,0.8837209302325582,0.8691860465116279,0.8761977151280633,0.8877082544490723
AD,PL,4,3,0.001,0.8372093023255814,0.8249217527386541,0.8191149251219922,0.8144642180992048
AD,PL,4,3,0.01,0.8372093023255814,0.8249217527386541,0.8191149251219922,0.8144642180992048
AD,PL,4,3,0.1,0.8395348837209302,0.8288338401443793,0.8208106100411283,0.8147718667171526
AD,PL,4,3,1.0,0.8093023255813954,0.7920021084914701,0.7901190476190476,0.788408746686861
AD,PL,4,3,10.0,0.8162790697674419,0.7983592100071943,0.8010413555192428,0.8042408178720182
AD,PL,4,3,100.0,0.8162790697674419,0.7983592100071943,0.8010413555192428,0.8042408178720182
AD,PL,4,3,1000.0,0.8186046511627907,0.8009121370067014,0.8032844574780059,0.8060393790230973
AD,PL,4,4,0.001,0.8767441860465116,0.8648332979401147,0.8653670063506129,0.8659125331313897
AD,PL,4,4,0.01,0.8813953488372093,0.8706235609675046,0.8700606146790621,0.869509655433548
AD,PL,4,4,0.1,0.8744186046511628,0.8633333333333333,0.8622089297158726,0.8611321469140477
AD,PL,4,4,1.0,0.8651162790697674,0.8524469897765998,0.8524469897765998,0.8524469897765998
AD,PL,4,4,10.0,0.8674418604651163,0.856015190236213,0.854331714796831,0.8527546383945476
AD,PL,4,4,100.0,0.8651162790697674,0.8538192447766916,0.851547619047619,0.8494651647103371
AD,PL,4,4,1000.0,0.8651162790697674,0.8538192447766916,0.851547619047619,0.8494651647103371
AD,PL,4,5,0.001,0.8671328671328671,0.8643822393822393,0.8502617801047121,0.8407039711191335
AD,PL,4,5,0.01,0.8671328671328671,0.8643822393822393,0.8502617801047121,0.8407039711191335
AD,PL,4,5,0.1,0.8694638694638694,0.8663926132051607,0.8531468531468531,0.8439934448033442
AD,PL,4,5,1.0,0.8671328671328671,0.8709210526315789,0.8480585570751287,0.8347662929887897
AD,PL,4,5,10.0,0.8811188811188811,0.8899250757213455,0.863533447684391,0.8485654569637089
AD,PL,4,5,100.0,0.8764568764568764,0.8822105263157896,0.8587211144733654,0.8449553486604597
AD,PL,4,5,1000.0,0.8764568764568764,0.8822105263157896,0.8587211144733654,0.8449553486604597
